BEGIN;
DELETE FROM agent_order_items WHERE order_id IN (SELECT id FROM agent_orders WHERE status='cart');
DELETE FROM agent_orders WHERE status='cart';
DELETE FROM catalog_variants WHERE product_id IN (SELECT id FROM catalog_products WHERE category_id IN ('a0000001-0000-0000-0000-000000000001','d1fd92a4-1781-4635-b54b-db458b8433f5','9a89b80d-6ffe-440f-b609-7a6f6ff6b92a','6b1f1449-0ae2-4b4b-ba97-47e7e46557ec'));
DELETE FROM catalog_products WHERE category_id IN ('a0000001-0000-0000-0000-000000000001','d1fd92a4-1781-4635-b54b-db458b8433f5','9a89b80d-6ffe-440f-b609-7a6f6ff6b92a','6b1f1449-0ae2-4b4b-ba97-47e7e46557ec');
DELETE FROM catalog_currency_prices;
INSERT INTO catalog_field_options (id,field_id,value,label,sort_order) VALUES ('ad06a523-3d7a-44b0-9f9b-1cfc73ea9051','f0000001-0001-0000-0000-000000000001','Larch','Siberian Larch',5) ON CONFLICT (field_id,value) DO NOTHING;
INSERT INTO catalog_field_options (id,field_id,value,label,sort_order) VALUES ('53fd3eb0-e6a8-4448-8c95-fca82f746870','f0000001-0001-0000-0000-000000000001','Beech','European Beech',6) ON CONFLICT (field_id,value) DO NOTHING;
INSERT INTO catalog_field_options (id,field_id,value,label,sort_order) VALUES ('a93ff22c-edd2-4c72-baf6-2b7642e1f926','f0000001-0001-0000-0000-000000000001','Alder','Black Alder',7) ON CONFLICT (field_id,value) DO NOTHING;
INSERT INTO catalog_fields (id,field_key,field_label,field_type) VALUES ('f0000002-0001-0000-0000-000000000001','surface_profile','Surface Profile','select') ON CONFLICT (field_key) DO NOTHING;
INSERT INTO catalog_field_options (id,field_id,value,label,sort_order) VALUES ('7db46e86-4c70-48ca-bcf9-3ac3c70901e0','f0000002-0001-0000-0000-000000000001','Smooth','Smooth',1) ON CONFLICT (field_id,value) DO NOTHING;
INSERT INTO catalog_field_options (id,field_id,value,label,sort_order) VALUES ('411f721e-bd0e-4f2d-842e-7bf79613cea9','f0000002-0001-0000-0000-000000000001','Grooved','Grooved',2) ON CONFLICT (field_id,value) DO NOTHING;
INSERT INTO catalog_field_options (id,field_id,value,label,sort_order) VALUES ('913f3e60-5515-4dad-b7a0-e09a5898e98c','f0000002-0001-0000-0000-000000000001','Reeded','Reeded',3) ON CONFLICT (field_id,value) DO NOTHING;
UPDATE catalog_categories SET commission_standard_pct=18,commission_max_discount_pct=12,commission_discounted_pct=9 WHERE id='d1fd92a4-1781-4635-b54b-db458b8433f5';
UPDATE catalog_categories SET commission_standard_pct=12,commission_max_discount_pct=8, commission_discounted_pct=6 WHERE id='9a89b80d-6ffe-440f-b609-7a6f6ff6b92a';
UPDATE catalog_categories SET commission_standard_pct=20,commission_max_discount_pct=15,commission_discounted_pct=10 WHERE id='6b1f1449-0ae2-4b4b-ba97-47e7e46557ec';
INSERT INTO catalog_category_field_assignments (category_id,field_id,applies_to,show_in_filter,show_in_detail,show_in_price_list,is_required,sort_order) VALUES ('d1fd92a4-1781-4635-b54b-db458b8433f5','f0000001-0001-0000-0000-000000000001','product',true,true,false,false,1) ON CONFLICT (category_id,field_id) DO NOTHING;
INSERT INTO catalog_category_field_assignments (category_id,field_id,applies_to,show_in_filter,show_in_detail,show_in_price_list,is_required,sort_order) VALUES ('d1fd92a4-1781-4635-b54b-db458b8433f5','f0000001-0003-0000-0000-000000000001','product',false,true,false,false,2) ON CONFLICT (category_id,field_id) DO NOTHING;
INSERT INTO catalog_category_field_assignments (category_id,field_id,applies_to,show_in_filter,show_in_detail,show_in_price_list,is_required,sort_order) VALUES ('d1fd92a4-1781-4635-b54b-db458b8433f5','f0000001-0005-0000-0000-000000000001','variant',true,true,true,false,3) ON CONFLICT (category_id,field_id) DO NOTHING;
INSERT INTO catalog_category_field_assignments (category_id,field_id,applies_to,show_in_filter,show_in_detail,show_in_price_list,is_required,sort_order) VALUES ('d1fd92a4-1781-4635-b54b-db458b8433f5','f0000001-0007-0000-0000-000000000001','variant',true,true,true,false,4) ON CONFLICT (category_id,field_id) DO NOTHING;
INSERT INTO catalog_category_field_assignments (category_id,field_id,applies_to,show_in_filter,show_in_detail,show_in_price_list,is_required,sort_order) VALUES ('d1fd92a4-1781-4635-b54b-db458b8433f5','f0000001-0008-0000-0000-000000000001','variant',false,true,true,false,5) ON CONFLICT (category_id,field_id) DO NOTHING;
INSERT INTO catalog_category_field_assignments (category_id,field_id,applies_to,show_in_filter,show_in_detail,show_in_price_list,is_required,sort_order) VALUES ('d1fd92a4-1781-4635-b54b-db458b8433f5','f0000001-0009-0000-0000-000000000001','variant',false,true,true,false,6) ON CONFLICT (category_id,field_id) DO NOTHING;
INSERT INTO catalog_category_field_assignments (category_id,field_id,applies_to,show_in_filter,show_in_detail,show_in_price_list,is_required,sort_order) VALUES ('9a89b80d-6ffe-440f-b609-7a6f6ff6b92a','f0000001-0001-0000-0000-000000000001','product',true,true,false,false,1) ON CONFLICT (category_id,field_id) DO NOTHING;
INSERT INTO catalog_category_field_assignments (category_id,field_id,applies_to,show_in_filter,show_in_detail,show_in_price_list,is_required,sort_order) VALUES ('9a89b80d-6ffe-440f-b609-7a6f6ff6b92a','f0000001-0004-0000-0000-000000000001','product',true,true,false,false,2) ON CONFLICT (category_id,field_id) DO NOTHING;
INSERT INTO catalog_category_field_assignments (category_id,field_id,applies_to,show_in_filter,show_in_detail,show_in_price_list,is_required,sort_order) VALUES ('9a89b80d-6ffe-440f-b609-7a6f6ff6b92a','f0000001-0007-0000-0000-000000000001','variant',false,true,true,false,3) ON CONFLICT (category_id,field_id) DO NOTHING;
INSERT INTO catalog_category_field_assignments (category_id,field_id,applies_to,show_in_filter,show_in_detail,show_in_price_list,is_required,sort_order) VALUES ('9a89b80d-6ffe-440f-b609-7a6f6ff6b92a','f0000001-0008-0000-0000-000000000001','variant',false,true,true,false,4) ON CONFLICT (category_id,field_id) DO NOTHING;
INSERT INTO catalog_category_field_assignments (category_id,field_id,applies_to,show_in_filter,show_in_detail,show_in_price_list,is_required,sort_order) VALUES ('9a89b80d-6ffe-440f-b609-7a6f6ff6b92a','f0000001-0009-0000-0000-000000000001','variant',false,true,true,false,5) ON CONFLICT (category_id,field_id) DO NOTHING;
INSERT INTO catalog_category_field_assignments (category_id,field_id,applies_to,show_in_filter,show_in_detail,show_in_price_list,is_required,sort_order) VALUES ('6b1f1449-0ae2-4b4b-ba97-47e7e46557ec','f0000001-0001-0000-0000-000000000001','product',true,true,false,false,1) ON CONFLICT (category_id,field_id) DO NOTHING;
INSERT INTO catalog_category_field_assignments (category_id,field_id,applies_to,show_in_filter,show_in_detail,show_in_price_list,is_required,sort_order) VALUES ('6b1f1449-0ae2-4b4b-ba97-47e7e46557ec','f0000002-0001-0000-0000-000000000001','product',true,true,false,false,2) ON CONFLICT (category_id,field_id) DO NOTHING;
INSERT INTO catalog_category_field_assignments (category_id,field_id,applies_to,show_in_filter,show_in_detail,show_in_price_list,is_required,sort_order) VALUES ('6b1f1449-0ae2-4b4b-ba97-47e7e46557ec','f0000001-0005-0000-0000-000000000001','variant',true,true,true,false,3) ON CONFLICT (category_id,field_id) DO NOTHING;
INSERT INTO catalog_category_field_assignments (category_id,field_id,applies_to,show_in_filter,show_in_detail,show_in_price_list,is_required,sort_order) VALUES ('6b1f1449-0ae2-4b4b-ba97-47e7e46557ec','f0000001-0007-0000-0000-000000000001','variant',true,true,true,false,4) ON CONFLICT (category_id,field_id) DO NOTHING;
INSERT INTO catalog_category_field_assignments (category_id,field_id,applies_to,show_in_filter,show_in_detail,show_in_price_list,is_required,sort_order) VALUES ('6b1f1449-0ae2-4b4b-ba97-47e7e46557ec','f0000001-0008-0000-0000-000000000001','variant',false,true,true,false,5) ON CONFLICT (category_id,field_id) DO NOTHING;
INSERT INTO catalog_category_field_assignments (category_id,field_id,applies_to,show_in_filter,show_in_detail,show_in_price_list,is_required,sort_order) VALUES ('6b1f1449-0ae2-4b4b-ba97-47e7e46557ec','f0000001-0009-0000-0000-000000000001','variant',false,true,true,false,6) ON CONFLICT (category_id,field_id) DO NOTHING;
INSERT INTO catalog_products (id,category_id,slug,name,description,sort_order,base_price_eur_cents) VALUES ('c4633644-3838-4ab9-abf4-2036dfd6cc7f','a0000001-0000-0000-0000-000000000001','oak-full-stave','Oak Full Stave Panel','Premium European oak full-stave panels. Long, unjointed staves edge-glued for an uninterrupted, furniture-grade grain. Kiln dried and sanded, ready for worktops, shelving and joinery.',0,6200);
INSERT INTO catalog_product_field_values (product_id,field_id,option_id) VALUES ('c4633644-3838-4ab9-abf4-2036dfd6cc7f','f0000001-0001-0000-0000-000000000001','6286bb0f-4471-468a-a1de-3364b69d5ba7');
INSERT INTO catalog_product_field_values (product_id,field_id,option_id) VALUES ('c4633644-3838-4ab9-abf4-2036dfd6cc7f','f0000001-0002-0000-0000-000000000001','58837670-ce0c-4d5a-ad72-c6b443283d7f');
INSERT INTO catalog_product_field_values (product_id,field_id,option_id) VALUES ('c4633644-3838-4ab9-abf4-2036dfd6cc7f','f0000001-0003-0000-0000-000000000001','6f193264-710e-490b-b78b-52e482e17b0d');
INSERT INTO catalog_product_field_values (product_id,field_id,option_id) VALUES ('c4633644-3838-4ab9-abf4-2036dfd6cc7f','f0000001-0004-0000-0000-000000000001','66bd0514-90e0-46d6-9204-4b991f0cc08f');
INSERT INTO catalog_variants (id,product_id,sku,thickness_mm,width_mm,length_mm,price_eur_cents,stock_quantity,stock_unit,sort_order) VALUES ('ed0134b0-4ab7-430d-9e06-67bb037123ca','c4633644-3838-4ab9-abf4-2036dfd6cc7f','SWP-OAKFS-18x600x2000',18,600,2000,6200,70,'package',0);
INSERT INTO catalog_variant_packaging_assignments (variant_id,packaging_type_id,is_default) VALUES ('ed0134b0-4ab7-430d-9e06-67bb037123ca','f57c17cf-fc28-4e30-a8aa-19fa5d7e5e53',true);
INSERT INTO catalog_variant_field_values (variant_id,field_id,option_id) VALUES ('ed0134b0-4ab7-430d-9e06-67bb037123ca','f0000001-0005-0000-0000-000000000001','8f314ee1-e5fb-424a-9f4c-95cea88703be');
INSERT INTO catalog_variant_field_values (variant_id,field_id,option_id) VALUES ('ed0134b0-4ab7-430d-9e06-67bb037123ca','f0000001-0006-0000-0000-000000000001','b31d993c-e7ae-4f86-930f-4b3cc285d698');
INSERT INTO catalog_variants (id,product_id,sku,thickness_mm,width_mm,length_mm,price_eur_cents,stock_quantity,stock_unit,sort_order) VALUES ('a5234de3-6c28-446c-aa8f-d2ed41bfa59a','c4633644-3838-4ab9-abf4-2036dfd6cc7f','SWP-OAKFS-18x620x3000',18,620,3000,6200,220,'piece',1);
INSERT INTO catalog_variant_packaging_assignments (variant_id,packaging_type_id,is_default) VALUES ('a5234de3-6c28-446c-aa8f-d2ed41bfa59a','f57c17cf-fc28-4e30-a8aa-19fa5d7e5e53',true);
INSERT INTO catalog_variant_field_values (variant_id,field_id,option_id) VALUES ('a5234de3-6c28-446c-aa8f-d2ed41bfa59a','f0000001-0005-0000-0000-000000000001','8f314ee1-e5fb-424a-9f4c-95cea88703be');
INSERT INTO catalog_variant_field_values (variant_id,field_id,option_id) VALUES ('a5234de3-6c28-446c-aa8f-d2ed41bfa59a','f0000001-0006-0000-0000-000000000001','b31d993c-e7ae-4f86-930f-4b3cc285d698');
INSERT INTO catalog_variants (id,product_id,sku,thickness_mm,width_mm,length_mm,price_eur_cents,stock_quantity,stock_unit,sort_order) VALUES ('34f941d3-7533-4c61-93f2-9664d5f3520e','c4633644-3838-4ab9-abf4-2036dfd6cc7f','SWP-OAKFS-20x620x2000',20,620,2000,6380,330,'piece',2);
INSERT INTO catalog_variant_packaging_assignments (variant_id,packaging_type_id,is_default) VALUES ('34f941d3-7533-4c61-93f2-9664d5f3520e','f57c17cf-fc28-4e30-a8aa-19fa5d7e5e53',true);
INSERT INTO catalog_variant_field_values (variant_id,field_id,option_id) VALUES ('34f941d3-7533-4c61-93f2-9664d5f3520e','f0000001-0005-0000-0000-000000000001','8f314ee1-e5fb-424a-9f4c-95cea88703be');
INSERT INTO catalog_variant_field_values (variant_id,field_id,option_id) VALUES ('34f941d3-7533-4c61-93f2-9664d5f3520e','f0000001-0006-0000-0000-000000000001','b31d993c-e7ae-4f86-930f-4b3cc285d698');
INSERT INTO catalog_variants (id,product_id,sku,thickness_mm,width_mm,length_mm,price_eur_cents,stock_quantity,stock_unit,sort_order) VALUES ('e2fb92af-5534-4d0f-8b27-46e08ad9866f','c4633644-3838-4ab9-abf4-2036dfd6cc7f','SWP-OAKFS-26x800x3000',26,800,3000,6920,330,'package',3);
INSERT INTO catalog_variant_packaging_assignments (variant_id,packaging_type_id,is_default) VALUES ('e2fb92af-5534-4d0f-8b27-46e08ad9866f','f57c17cf-fc28-4e30-a8aa-19fa5d7e5e53',true);
INSERT INTO catalog_variant_field_values (variant_id,field_id,option_id) VALUES ('e2fb92af-5534-4d0f-8b27-46e08ad9866f','f0000001-0005-0000-0000-000000000001','8f314ee1-e5fb-424a-9f4c-95cea88703be');
INSERT INTO catalog_variant_field_values (variant_id,field_id,option_id) VALUES ('e2fb92af-5534-4d0f-8b27-46e08ad9866f','f0000001-0006-0000-0000-000000000001','b31d993c-e7ae-4f86-930f-4b3cc285d698');
INSERT INTO catalog_variants (id,product_id,sku,thickness_mm,width_mm,length_mm,price_eur_cents,stock_quantity,stock_unit,sort_order) VALUES ('65a5f28b-9bc9-487b-8c0a-f3ba845187f9','c4633644-3838-4ab9-abf4-2036dfd6cc7f','SWP-OAKFS-40x620x2000',40,620,2000,8180,70,'piece',4);
INSERT INTO catalog_variant_packaging_assignments (variant_id,packaging_type_id,is_default) VALUES ('65a5f28b-9bc9-487b-8c0a-f3ba845187f9','f57c17cf-fc28-4e30-a8aa-19fa5d7e5e53',true);
INSERT INTO catalog_variant_field_values (variant_id,field_id,option_id) VALUES ('65a5f28b-9bc9-487b-8c0a-f3ba845187f9','f0000001-0005-0000-0000-000000000001','8f314ee1-e5fb-424a-9f4c-95cea88703be');
INSERT INTO catalog_variant_field_values (variant_id,field_id,option_id) VALUES ('65a5f28b-9bc9-487b-8c0a-f3ba845187f9','f0000001-0006-0000-0000-000000000001','b31d993c-e7ae-4f86-930f-4b3cc285d698');
INSERT INTO catalog_variants (id,product_id,sku,thickness_mm,width_mm,length_mm,price_eur_cents,stock_quantity,stock_unit,sort_order) VALUES ('ddb2228e-17bb-432f-bae9-dda8724ba5ea','c4633644-3838-4ab9-abf4-2036dfd6cc7f','SWP-OAKFS-40x800x4000',40,800,4000,8180,140,'piece',5);
INSERT INTO catalog_variant_packaging_assignments (variant_id,packaging_type_id,is_default) VALUES ('ddb2228e-17bb-432f-bae9-dda8724ba5ea','f57c17cf-fc28-4e30-a8aa-19fa5d7e5e53',true);
INSERT INTO catalog_variant_field_values (variant_id,field_id,option_id) VALUES ('ddb2228e-17bb-432f-bae9-dda8724ba5ea','f0000001-0005-0000-0000-000000000001','8f314ee1-e5fb-424a-9f4c-95cea88703be');
INSERT INTO catalog_variant_field_values (variant_id,field_id,option_id) VALUES ('ddb2228e-17bb-432f-bae9-dda8724ba5ea','f0000001-0006-0000-0000-000000000001','b31d993c-e7ae-4f86-930f-4b3cc285d698');
INSERT INTO catalog_products (id,category_id,slug,name,description,sort_order,base_price_eur_cents) VALUES ('9379d355-9100-40e1-9ea3-4ab8655eb052','a0000001-0000-0000-0000-000000000001','oak-finger-joint','Oak Finger Joint Panel','European oak finger-jointed panels. Shorter staves jointed end-to-end for excellent stability and value, with the warmth and durability of solid oak.',1,4400);
INSERT INTO catalog_product_field_values (product_id,field_id,option_id) VALUES ('9379d355-9100-40e1-9ea3-4ab8655eb052','f0000001-0001-0000-0000-000000000001','6286bb0f-4471-468a-a1de-3364b69d5ba7');
INSERT INTO catalog_product_field_values (product_id,field_id,option_id) VALUES ('9379d355-9100-40e1-9ea3-4ab8655eb052','f0000001-0002-0000-0000-000000000001','e3689e35-1f51-46ae-a817-ce1797b76fcb');
INSERT INTO catalog_product_field_values (product_id,field_id,option_id) VALUES ('9379d355-9100-40e1-9ea3-4ab8655eb052','f0000001-0003-0000-0000-000000000001','6f193264-710e-490b-b78b-52e482e17b0d');
INSERT INTO catalog_product_field_values (product_id,field_id,option_id) VALUES ('9379d355-9100-40e1-9ea3-4ab8655eb052','f0000001-0004-0000-0000-000000000001','66bd0514-90e0-46d6-9204-4b991f0cc08f');
INSERT INTO catalog_variants (id,product_id,sku,thickness_mm,width_mm,length_mm,price_eur_cents,stock_quantity,stock_unit,sort_order) VALUES ('3328e6c8-aab7-4fdc-a3bc-9126b58b7925','9379d355-9100-40e1-9ea3-4ab8655eb052','SWP-OAKFJ-18x600x2000',18,600,2000,4400,340,'package',0);
INSERT INTO catalog_variant_packaging_assignments (variant_id,packaging_type_id,is_default) VALUES ('3328e6c8-aab7-4fdc-a3bc-9126b58b7925','f57c17cf-fc28-4e30-a8aa-19fa5d7e5e53',true);
INSERT INTO catalog_variant_field_values (variant_id,field_id,option_id) VALUES ('3328e6c8-aab7-4fdc-a3bc-9126b58b7925','f0000001-0005-0000-0000-000000000001','44b9bbd3-c357-41d7-bb06-826be36e579f');
INSERT INTO catalog_variant_field_values (variant_id,field_id,option_id) VALUES ('3328e6c8-aab7-4fdc-a3bc-9126b58b7925','f0000001-0006-0000-0000-000000000001','b31d993c-e7ae-4f86-930f-4b3cc285d698');
INSERT INTO catalog_variants (id,product_id,sku,thickness_mm,width_mm,length_mm,price_eur_cents,stock_quantity,stock_unit,sort_order) VALUES ('7abbc618-e034-4692-b3ad-bf5dbb3e3ea7','9379d355-9100-40e1-9ea3-4ab8655eb052','SWP-OAKFJ-18x620x3000',18,620,3000,4400,320,'piece',1);
INSERT INTO catalog_variant_packaging_assignments (variant_id,packaging_type_id,is_default) VALUES ('7abbc618-e034-4692-b3ad-bf5dbb3e3ea7','f57c17cf-fc28-4e30-a8aa-19fa5d7e5e53',true);
INSERT INTO catalog_variant_field_values (variant_id,field_id,option_id) VALUES ('7abbc618-e034-4692-b3ad-bf5dbb3e3ea7','f0000001-0005-0000-0000-000000000001','44b9bbd3-c357-41d7-bb06-826be36e579f');
INSERT INTO catalog_variant_field_values (variant_id,field_id,option_id) VALUES ('7abbc618-e034-4692-b3ad-bf5dbb3e3ea7','f0000001-0006-0000-0000-000000000001','b31d993c-e7ae-4f86-930f-4b3cc285d698');
INSERT INTO catalog_variants (id,product_id,sku,thickness_mm,width_mm,length_mm,price_eur_cents,stock_quantity,stock_unit,sort_order) VALUES ('3e650db0-f7f6-4dc6-8d2e-b946ae44fd8a','9379d355-9100-40e1-9ea3-4ab8655eb052','SWP-OAKFJ-20x620x2000',20,620,2000,4580,110,'piece',2);
INSERT INTO catalog_variant_packaging_assignments (variant_id,packaging_type_id,is_default) VALUES ('3e650db0-f7f6-4dc6-8d2e-b946ae44fd8a','f57c17cf-fc28-4e30-a8aa-19fa5d7e5e53',true);
INSERT INTO catalog_variant_field_values (variant_id,field_id,option_id) VALUES ('3e650db0-f7f6-4dc6-8d2e-b946ae44fd8a','f0000001-0005-0000-0000-000000000001','44b9bbd3-c357-41d7-bb06-826be36e579f');
INSERT INTO catalog_variant_field_values (variant_id,field_id,option_id) VALUES ('3e650db0-f7f6-4dc6-8d2e-b946ae44fd8a','f0000001-0006-0000-0000-000000000001','b31d993c-e7ae-4f86-930f-4b3cc285d698');
INSERT INTO catalog_variants (id,product_id,sku,thickness_mm,width_mm,length_mm,price_eur_cents,stock_quantity,stock_unit,sort_order) VALUES ('d7e146e2-c5aa-45b0-b8c2-1cfcb4c9bcb4','9379d355-9100-40e1-9ea3-4ab8655eb052','SWP-OAKFJ-26x800x3000',26,800,3000,5120,390,'package',3);
INSERT INTO catalog_variant_packaging_assignments (variant_id,packaging_type_id,is_default) VALUES ('d7e146e2-c5aa-45b0-b8c2-1cfcb4c9bcb4','f57c17cf-fc28-4e30-a8aa-19fa5d7e5e53',true);
INSERT INTO catalog_variant_field_values (variant_id,field_id,option_id) VALUES ('d7e146e2-c5aa-45b0-b8c2-1cfcb4c9bcb4','f0000001-0005-0000-0000-000000000001','44b9bbd3-c357-41d7-bb06-826be36e579f');
INSERT INTO catalog_variant_field_values (variant_id,field_id,option_id) VALUES ('d7e146e2-c5aa-45b0-b8c2-1cfcb4c9bcb4','f0000001-0006-0000-0000-000000000001','b31d993c-e7ae-4f86-930f-4b3cc285d698');
INSERT INTO catalog_variants (id,product_id,sku,thickness_mm,width_mm,length_mm,price_eur_cents,stock_quantity,stock_unit,sort_order) VALUES ('328a32b9-86ca-4f2d-9238-9c298f39cbc0','9379d355-9100-40e1-9ea3-4ab8655eb052','SWP-OAKFJ-40x620x2000',40,620,2000,6380,170,'piece',4);
INSERT INTO catalog_variant_packaging_assignments (variant_id,packaging_type_id,is_default) VALUES ('328a32b9-86ca-4f2d-9238-9c298f39cbc0','f57c17cf-fc28-4e30-a8aa-19fa5d7e5e53',true);
INSERT INTO catalog_variant_field_values (variant_id,field_id,option_id) VALUES ('328a32b9-86ca-4f2d-9238-9c298f39cbc0','f0000001-0005-0000-0000-000000000001','44b9bbd3-c357-41d7-bb06-826be36e579f');
INSERT INTO catalog_variant_field_values (variant_id,field_id,option_id) VALUES ('328a32b9-86ca-4f2d-9238-9c298f39cbc0','f0000001-0006-0000-0000-000000000001','b31d993c-e7ae-4f86-930f-4b3cc285d698');
INSERT INTO catalog_variants (id,product_id,sku,thickness_mm,width_mm,length_mm,price_eur_cents,stock_quantity,stock_unit,sort_order) VALUES ('05191739-3508-429c-8196-fb270cdbb22a','9379d355-9100-40e1-9ea3-4ab8655eb052','SWP-OAKFJ-40x800x4000',40,800,4000,6380,140,'piece',5);
INSERT INTO catalog_variant_packaging_assignments (variant_id,packaging_type_id,is_default) VALUES ('05191739-3508-429c-8196-fb270cdbb22a','f57c17cf-fc28-4e30-a8aa-19fa5d7e5e53',true);
INSERT INTO catalog_variant_field_values (variant_id,field_id,option_id) VALUES ('05191739-3508-429c-8196-fb270cdbb22a','f0000001-0005-0000-0000-000000000001','44b9bbd3-c357-41d7-bb06-826be36e579f');
INSERT INTO catalog_variant_field_values (variant_id,field_id,option_id) VALUES ('05191739-3508-429c-8196-fb270cdbb22a','f0000001-0006-0000-0000-000000000001','b31d993c-e7ae-4f86-930f-4b3cc285d698');
INSERT INTO catalog_products (id,category_id,slug,name,description,sort_order,base_price_eur_cents) VALUES ('76859e18-b2d2-4b15-8b2a-2f1fa21b2978','a0000001-0000-0000-0000-000000000001','ash-full-stave','Ash Full Stave Panel','European ash full-stave panels with a bright tone and bold, flowing grain. A strong, resilient hardwood ideal for contemporary furniture and stair parts.',2,5400);
INSERT INTO catalog_product_field_values (product_id,field_id,option_id) VALUES ('76859e18-b2d2-4b15-8b2a-2f1fa21b2978','f0000001-0001-0000-0000-000000000001','e51155c7-f0e3-4055-bd35-c6cf4e51ebd2');
INSERT INTO catalog_product_field_values (product_id,field_id,option_id) VALUES ('76859e18-b2d2-4b15-8b2a-2f1fa21b2978','f0000001-0002-0000-0000-000000000001','58837670-ce0c-4d5a-ad72-c6b443283d7f');
INSERT INTO catalog_product_field_values (product_id,field_id,option_id) VALUES ('76859e18-b2d2-4b15-8b2a-2f1fa21b2978','f0000001-0003-0000-0000-000000000001','6f193264-710e-490b-b78b-52e482e17b0d');
INSERT INTO catalog_product_field_values (product_id,field_id,option_id) VALUES ('76859e18-b2d2-4b15-8b2a-2f1fa21b2978','f0000001-0004-0000-0000-000000000001','66bd0514-90e0-46d6-9204-4b991f0cc08f');
INSERT INTO catalog_variants (id,product_id,sku,thickness_mm,width_mm,length_mm,price_eur_cents,stock_quantity,stock_unit,sort_order) VALUES ('49f8b1a7-b707-4918-9233-7edf41d786d3','76859e18-b2d2-4b15-8b2a-2f1fa21b2978','SWP-ASHFS-18x600x2000',18,600,2000,5400,370,'package',0);
INSERT INTO catalog_variant_packaging_assignments (variant_id,packaging_type_id,is_default) VALUES ('49f8b1a7-b707-4918-9233-7edf41d786d3','f57c17cf-fc28-4e30-a8aa-19fa5d7e5e53',true);
INSERT INTO catalog_variant_field_values (variant_id,field_id,option_id) VALUES ('49f8b1a7-b707-4918-9233-7edf41d786d3','f0000001-0005-0000-0000-000000000001','8f314ee1-e5fb-424a-9f4c-95cea88703be');
INSERT INTO catalog_variant_field_values (variant_id,field_id,option_id) VALUES ('49f8b1a7-b707-4918-9233-7edf41d786d3','f0000001-0006-0000-0000-000000000001','9e361bbe-9f2e-46df-9553-db32a85406c0');
INSERT INTO catalog_variants (id,product_id,sku,thickness_mm,width_mm,length_mm,price_eur_cents,stock_quantity,stock_unit,sort_order) VALUES ('711bd8bb-3d19-4a8c-8596-b02ad110a588','76859e18-b2d2-4b15-8b2a-2f1fa21b2978','SWP-ASHFS-18x620x3000',18,620,3000,5400,130,'piece',1);
INSERT INTO catalog_variant_packaging_assignments (variant_id,packaging_type_id,is_default) VALUES ('711bd8bb-3d19-4a8c-8596-b02ad110a588','f57c17cf-fc28-4e30-a8aa-19fa5d7e5e53',true);
INSERT INTO catalog_variant_field_values (variant_id,field_id,option_id) VALUES ('711bd8bb-3d19-4a8c-8596-b02ad110a588','f0000001-0005-0000-0000-000000000001','8f314ee1-e5fb-424a-9f4c-95cea88703be');
INSERT INTO catalog_variant_field_values (variant_id,field_id,option_id) VALUES ('711bd8bb-3d19-4a8c-8596-b02ad110a588','f0000001-0006-0000-0000-000000000001','9e361bbe-9f2e-46df-9553-db32a85406c0');
INSERT INTO catalog_variants (id,product_id,sku,thickness_mm,width_mm,length_mm,price_eur_cents,stock_quantity,stock_unit,sort_order) VALUES ('77874935-1820-43e4-b4f7-eab70cfb2464','76859e18-b2d2-4b15-8b2a-2f1fa21b2978','SWP-ASHFS-20x620x2000',20,620,2000,5580,330,'piece',2);
INSERT INTO catalog_variant_packaging_assignments (variant_id,packaging_type_id,is_default) VALUES ('77874935-1820-43e4-b4f7-eab70cfb2464','f57c17cf-fc28-4e30-a8aa-19fa5d7e5e53',true);
INSERT INTO catalog_variant_field_values (variant_id,field_id,option_id) VALUES ('77874935-1820-43e4-b4f7-eab70cfb2464','f0000001-0005-0000-0000-000000000001','8f314ee1-e5fb-424a-9f4c-95cea88703be');
INSERT INTO catalog_variant_field_values (variant_id,field_id,option_id) VALUES ('77874935-1820-43e4-b4f7-eab70cfb2464','f0000001-0006-0000-0000-000000000001','9e361bbe-9f2e-46df-9553-db32a85406c0');
INSERT INTO catalog_variants (id,product_id,sku,thickness_mm,width_mm,length_mm,price_eur_cents,stock_quantity,stock_unit,sort_order) VALUES ('f62e1455-f0c8-4d32-b7bd-ec794381d3c5','76859e18-b2d2-4b15-8b2a-2f1fa21b2978','SWP-ASHFS-26x800x3000',26,800,3000,6120,220,'package',3);
INSERT INTO catalog_variant_packaging_assignments (variant_id,packaging_type_id,is_default) VALUES ('f62e1455-f0c8-4d32-b7bd-ec794381d3c5','f57c17cf-fc28-4e30-a8aa-19fa5d7e5e53',true);
INSERT INTO catalog_variant_field_values (variant_id,field_id,option_id) VALUES ('f62e1455-f0c8-4d32-b7bd-ec794381d3c5','f0000001-0005-0000-0000-000000000001','8f314ee1-e5fb-424a-9f4c-95cea88703be');
INSERT INTO catalog_variant_field_values (variant_id,field_id,option_id) VALUES ('f62e1455-f0c8-4d32-b7bd-ec794381d3c5','f0000001-0006-0000-0000-000000000001','9e361bbe-9f2e-46df-9553-db32a85406c0');
INSERT INTO catalog_variants (id,product_id,sku,thickness_mm,width_mm,length_mm,price_eur_cents,stock_quantity,stock_unit,sort_order) VALUES ('b3f19cb2-b66a-44dc-adcf-997ef9bf609f','76859e18-b2d2-4b15-8b2a-2f1fa21b2978','SWP-ASHFS-40x620x2000',40,620,2000,7380,360,'piece',4);
INSERT INTO catalog_variant_packaging_assignments (variant_id,packaging_type_id,is_default) VALUES ('b3f19cb2-b66a-44dc-adcf-997ef9bf609f','f57c17cf-fc28-4e30-a8aa-19fa5d7e5e53',true);
INSERT INTO catalog_variant_field_values (variant_id,field_id,option_id) VALUES ('b3f19cb2-b66a-44dc-adcf-997ef9bf609f','f0000001-0005-0000-0000-000000000001','8f314ee1-e5fb-424a-9f4c-95cea88703be');
INSERT INTO catalog_variant_field_values (variant_id,field_id,option_id) VALUES ('b3f19cb2-b66a-44dc-adcf-997ef9bf609f','f0000001-0006-0000-0000-000000000001','9e361bbe-9f2e-46df-9553-db32a85406c0');
INSERT INTO catalog_variants (id,product_id,sku,thickness_mm,width_mm,length_mm,price_eur_cents,stock_quantity,stock_unit,sort_order) VALUES ('8ea02b58-b17a-4d37-8a75-8e41871b8bba','76859e18-b2d2-4b15-8b2a-2f1fa21b2978','SWP-ASHFS-40x800x4000',40,800,4000,7380,410,'piece',5);
INSERT INTO catalog_variant_packaging_assignments (variant_id,packaging_type_id,is_default) VALUES ('8ea02b58-b17a-4d37-8a75-8e41871b8bba','f57c17cf-fc28-4e30-a8aa-19fa5d7e5e53',true);
INSERT INTO catalog_variant_field_values (variant_id,field_id,option_id) VALUES ('8ea02b58-b17a-4d37-8a75-8e41871b8bba','f0000001-0005-0000-0000-000000000001','8f314ee1-e5fb-424a-9f4c-95cea88703be');
INSERT INTO catalog_variant_field_values (variant_id,field_id,option_id) VALUES ('8ea02b58-b17a-4d37-8a75-8e41871b8bba','f0000001-0006-0000-0000-000000000001','9e361bbe-9f2e-46df-9553-db32a85406c0');
INSERT INTO catalog_products (id,category_id,slug,name,description,sort_order,base_price_eur_cents) VALUES ('f31adff0-dcc5-437d-938b-92e184e17e45','a0000001-0000-0000-0000-000000000001','ash-finger-joint','Ash Finger Joint Panel','European ash finger-jointed panels. Pale, hard-wearing and dimensionally stable — a cost-effective choice for interior joinery.',3,3900);
INSERT INTO catalog_product_field_values (product_id,field_id,option_id) VALUES ('f31adff0-dcc5-437d-938b-92e184e17e45','f0000001-0001-0000-0000-000000000001','e51155c7-f0e3-4055-bd35-c6cf4e51ebd2');
INSERT INTO catalog_product_field_values (product_id,field_id,option_id) VALUES ('f31adff0-dcc5-437d-938b-92e184e17e45','f0000001-0002-0000-0000-000000000001','e3689e35-1f51-46ae-a817-ce1797b76fcb');
INSERT INTO catalog_product_field_values (product_id,field_id,option_id) VALUES ('f31adff0-dcc5-437d-938b-92e184e17e45','f0000001-0003-0000-0000-000000000001','6f193264-710e-490b-b78b-52e482e17b0d');
INSERT INTO catalog_product_field_values (product_id,field_id,option_id) VALUES ('f31adff0-dcc5-437d-938b-92e184e17e45','f0000001-0004-0000-0000-000000000001','66bd0514-90e0-46d6-9204-4b991f0cc08f');
INSERT INTO catalog_variants (id,product_id,sku,thickness_mm,width_mm,length_mm,price_eur_cents,stock_quantity,stock_unit,sort_order) VALUES ('2a3ce0ac-2b07-4a98-bae2-8580f4e33264','f31adff0-dcc5-437d-938b-92e184e17e45','SWP-ASHFJ-18x600x2000',18,600,2000,3900,110,'package',0);
INSERT INTO catalog_variant_packaging_assignments (variant_id,packaging_type_id,is_default) VALUES ('2a3ce0ac-2b07-4a98-bae2-8580f4e33264','f57c17cf-fc28-4e30-a8aa-19fa5d7e5e53',true);
INSERT INTO catalog_variant_field_values (variant_id,field_id,option_id) VALUES ('2a3ce0ac-2b07-4a98-bae2-8580f4e33264','f0000001-0005-0000-0000-000000000001','44b9bbd3-c357-41d7-bb06-826be36e579f');
INSERT INTO catalog_variant_field_values (variant_id,field_id,option_id) VALUES ('2a3ce0ac-2b07-4a98-bae2-8580f4e33264','f0000001-0006-0000-0000-000000000001','9e361bbe-9f2e-46df-9553-db32a85406c0');
INSERT INTO catalog_variants (id,product_id,sku,thickness_mm,width_mm,length_mm,price_eur_cents,stock_quantity,stock_unit,sort_order) VALUES ('b2aa2120-cde1-4ba0-a4d8-dbba28a0aea7','f31adff0-dcc5-437d-938b-92e184e17e45','SWP-ASHFJ-18x620x3000',18,620,3000,3900,370,'piece',1);
INSERT INTO catalog_variant_packaging_assignments (variant_id,packaging_type_id,is_default) VALUES ('b2aa2120-cde1-4ba0-a4d8-dbba28a0aea7','f57c17cf-fc28-4e30-a8aa-19fa5d7e5e53',true);
INSERT INTO catalog_variant_field_values (variant_id,field_id,option_id) VALUES ('b2aa2120-cde1-4ba0-a4d8-dbba28a0aea7','f0000001-0005-0000-0000-000000000001','44b9bbd3-c357-41d7-bb06-826be36e579f');
INSERT INTO catalog_variant_field_values (variant_id,field_id,option_id) VALUES ('b2aa2120-cde1-4ba0-a4d8-dbba28a0aea7','f0000001-0006-0000-0000-000000000001','9e361bbe-9f2e-46df-9553-db32a85406c0');
INSERT INTO catalog_variants (id,product_id,sku,thickness_mm,width_mm,length_mm,price_eur_cents,stock_quantity,stock_unit,sort_order) VALUES ('eb79deaf-7771-4954-9a4f-94e7c09426ef','f31adff0-dcc5-437d-938b-92e184e17e45','SWP-ASHFJ-20x620x2000',20,620,2000,4080,280,'piece',2);
INSERT INTO catalog_variant_packaging_assignments (variant_id,packaging_type_id,is_default) VALUES ('eb79deaf-7771-4954-9a4f-94e7c09426ef','f57c17cf-fc28-4e30-a8aa-19fa5d7e5e53',true);
INSERT INTO catalog_variant_field_values (variant_id,field_id,option_id) VALUES ('eb79deaf-7771-4954-9a4f-94e7c09426ef','f0000001-0005-0000-0000-000000000001','44b9bbd3-c357-41d7-bb06-826be36e579f');
INSERT INTO catalog_variant_field_values (variant_id,field_id,option_id) VALUES ('eb79deaf-7771-4954-9a4f-94e7c09426ef','f0000001-0006-0000-0000-000000000001','9e361bbe-9f2e-46df-9553-db32a85406c0');
INSERT INTO catalog_variants (id,product_id,sku,thickness_mm,width_mm,length_mm,price_eur_cents,stock_quantity,stock_unit,sort_order) VALUES ('470a669a-6588-4951-8c1d-c8c47e00dd1a','f31adff0-dcc5-437d-938b-92e184e17e45','SWP-ASHFJ-26x800x3000',26,800,3000,4620,60,'package',3);
INSERT INTO catalog_variant_packaging_assignments (variant_id,packaging_type_id,is_default) VALUES ('470a669a-6588-4951-8c1d-c8c47e00dd1a','f57c17cf-fc28-4e30-a8aa-19fa5d7e5e53',true);
INSERT INTO catalog_variant_field_values (variant_id,field_id,option_id) VALUES ('470a669a-6588-4951-8c1d-c8c47e00dd1a','f0000001-0005-0000-0000-000000000001','44b9bbd3-c357-41d7-bb06-826be36e579f');
INSERT INTO catalog_variant_field_values (variant_id,field_id,option_id) VALUES ('470a669a-6588-4951-8c1d-c8c47e00dd1a','f0000001-0006-0000-0000-000000000001','9e361bbe-9f2e-46df-9553-db32a85406c0');
INSERT INTO catalog_variants (id,product_id,sku,thickness_mm,width_mm,length_mm,price_eur_cents,stock_quantity,stock_unit,sort_order) VALUES ('2d5a052e-0e38-43b5-b907-a000f2fa6b8e','f31adff0-dcc5-437d-938b-92e184e17e45','SWP-ASHFJ-40x620x2000',40,620,2000,5880,370,'piece',4);
INSERT INTO catalog_variant_packaging_assignments (variant_id,packaging_type_id,is_default) VALUES ('2d5a052e-0e38-43b5-b907-a000f2fa6b8e','f57c17cf-fc28-4e30-a8aa-19fa5d7e5e53',true);
INSERT INTO catalog_variant_field_values (variant_id,field_id,option_id) VALUES ('2d5a052e-0e38-43b5-b907-a000f2fa6b8e','f0000001-0005-0000-0000-000000000001','44b9bbd3-c357-41d7-bb06-826be36e579f');
INSERT INTO catalog_variant_field_values (variant_id,field_id,option_id) VALUES ('2d5a052e-0e38-43b5-b907-a000f2fa6b8e','f0000001-0006-0000-0000-000000000001','9e361bbe-9f2e-46df-9553-db32a85406c0');
INSERT INTO catalog_variants (id,product_id,sku,thickness_mm,width_mm,length_mm,price_eur_cents,stock_quantity,stock_unit,sort_order) VALUES ('66cda4fa-c73d-4a5e-b30f-58ef77a9f447','f31adff0-dcc5-437d-938b-92e184e17e45','SWP-ASHFJ-40x800x4000',40,800,4000,5880,370,'piece',5);
INSERT INTO catalog_variant_packaging_assignments (variant_id,packaging_type_id,is_default) VALUES ('66cda4fa-c73d-4a5e-b30f-58ef77a9f447','f57c17cf-fc28-4e30-a8aa-19fa5d7e5e53',true);
INSERT INTO catalog_variant_field_values (variant_id,field_id,option_id) VALUES ('66cda4fa-c73d-4a5e-b30f-58ef77a9f447','f0000001-0005-0000-0000-000000000001','44b9bbd3-c357-41d7-bb06-826be36e579f');
INSERT INTO catalog_variant_field_values (variant_id,field_id,option_id) VALUES ('66cda4fa-c73d-4a5e-b30f-58ef77a9f447','f0000001-0006-0000-0000-000000000001','9e361bbe-9f2e-46df-9553-db32a85406c0');
INSERT INTO catalog_products (id,category_id,slug,name,description,sort_order,base_price_eur_cents) VALUES ('387a1856-0e6f-4ccc-abf8-ead24726b003','a0000001-0000-0000-0000-000000000001','birch-full-stave','Birch Full Stave Panel','Nordic birch full-stave panels. Fine, even grain and a smooth, light surface that takes paint and lacquer beautifully.',4,4700);
INSERT INTO catalog_product_field_values (product_id,field_id,option_id) VALUES ('387a1856-0e6f-4ccc-abf8-ead24726b003','f0000001-0001-0000-0000-000000000001','6865e713-ac6c-42b5-ac6d-a1643d977dc0');
INSERT INTO catalog_product_field_values (product_id,field_id,option_id) VALUES ('387a1856-0e6f-4ccc-abf8-ead24726b003','f0000001-0002-0000-0000-000000000001','58837670-ce0c-4d5a-ad72-c6b443283d7f');
INSERT INTO catalog_product_field_values (product_id,field_id,option_id) VALUES ('387a1856-0e6f-4ccc-abf8-ead24726b003','f0000001-0003-0000-0000-000000000001','6f193264-710e-490b-b78b-52e482e17b0d');
INSERT INTO catalog_product_field_values (product_id,field_id,option_id) VALUES ('387a1856-0e6f-4ccc-abf8-ead24726b003','f0000001-0004-0000-0000-000000000001','66bd0514-90e0-46d6-9204-4b991f0cc08f');
INSERT INTO catalog_variants (id,product_id,sku,thickness_mm,width_mm,length_mm,price_eur_cents,stock_quantity,stock_unit,sort_order) VALUES ('83fde5c1-67ce-4446-a579-c577007f8045','387a1856-0e6f-4ccc-abf8-ead24726b003','SWP-BIRFS-18x600x2000',18,600,2000,4700,340,'package',0);
INSERT INTO catalog_variant_packaging_assignments (variant_id,packaging_type_id,is_default) VALUES ('83fde5c1-67ce-4446-a579-c577007f8045','f57c17cf-fc28-4e30-a8aa-19fa5d7e5e53',true);
INSERT INTO catalog_variant_field_values (variant_id,field_id,option_id) VALUES ('83fde5c1-67ce-4446-a579-c577007f8045','f0000001-0005-0000-0000-000000000001','5088e588-8912-4a9a-b37e-253c885ba472');
INSERT INTO catalog_variant_field_values (variant_id,field_id,option_id) VALUES ('83fde5c1-67ce-4446-a579-c577007f8045','f0000001-0006-0000-0000-000000000001','b31d993c-e7ae-4f86-930f-4b3cc285d698');
INSERT INTO catalog_variants (id,product_id,sku,thickness_mm,width_mm,length_mm,price_eur_cents,stock_quantity,stock_unit,sort_order) VALUES ('4cbe9d6e-a8ea-48be-8936-980a4b232da3','387a1856-0e6f-4ccc-abf8-ead24726b003','SWP-BIRFS-18x620x3000',18,620,3000,4700,480,'piece',1);
INSERT INTO catalog_variant_packaging_assignments (variant_id,packaging_type_id,is_default) VALUES ('4cbe9d6e-a8ea-48be-8936-980a4b232da3','f57c17cf-fc28-4e30-a8aa-19fa5d7e5e53',true);
INSERT INTO catalog_variant_field_values (variant_id,field_id,option_id) VALUES ('4cbe9d6e-a8ea-48be-8936-980a4b232da3','f0000001-0005-0000-0000-000000000001','5088e588-8912-4a9a-b37e-253c885ba472');
INSERT INTO catalog_variant_field_values (variant_id,field_id,option_id) VALUES ('4cbe9d6e-a8ea-48be-8936-980a4b232da3','f0000001-0006-0000-0000-000000000001','b31d993c-e7ae-4f86-930f-4b3cc285d698');
INSERT INTO catalog_variants (id,product_id,sku,thickness_mm,width_mm,length_mm,price_eur_cents,stock_quantity,stock_unit,sort_order) VALUES ('842e3975-7e29-4d8e-93e0-79395fe85a51','387a1856-0e6f-4ccc-abf8-ead24726b003','SWP-BIRFS-20x620x2000',20,620,2000,4880,480,'piece',2);
INSERT INTO catalog_variant_packaging_assignments (variant_id,packaging_type_id,is_default) VALUES ('842e3975-7e29-4d8e-93e0-79395fe85a51','f57c17cf-fc28-4e30-a8aa-19fa5d7e5e53',true);
INSERT INTO catalog_variant_field_values (variant_id,field_id,option_id) VALUES ('842e3975-7e29-4d8e-93e0-79395fe85a51','f0000001-0005-0000-0000-000000000001','5088e588-8912-4a9a-b37e-253c885ba472');
INSERT INTO catalog_variant_field_values (variant_id,field_id,option_id) VALUES ('842e3975-7e29-4d8e-93e0-79395fe85a51','f0000001-0006-0000-0000-000000000001','b31d993c-e7ae-4f86-930f-4b3cc285d698');
INSERT INTO catalog_variants (id,product_id,sku,thickness_mm,width_mm,length_mm,price_eur_cents,stock_quantity,stock_unit,sort_order) VALUES ('738833b3-c1c3-4fc9-974d-da4caeb24fe9','387a1856-0e6f-4ccc-abf8-ead24726b003','SWP-BIRFS-26x800x3000',26,800,3000,5420,140,'package',3);
INSERT INTO catalog_variant_packaging_assignments (variant_id,packaging_type_id,is_default) VALUES ('738833b3-c1c3-4fc9-974d-da4caeb24fe9','f57c17cf-fc28-4e30-a8aa-19fa5d7e5e53',true);
INSERT INTO catalog_variant_field_values (variant_id,field_id,option_id) VALUES ('738833b3-c1c3-4fc9-974d-da4caeb24fe9','f0000001-0005-0000-0000-000000000001','5088e588-8912-4a9a-b37e-253c885ba472');
INSERT INTO catalog_variant_field_values (variant_id,field_id,option_id) VALUES ('738833b3-c1c3-4fc9-974d-da4caeb24fe9','f0000001-0006-0000-0000-000000000001','b31d993c-e7ae-4f86-930f-4b3cc285d698');
INSERT INTO catalog_variants (id,product_id,sku,thickness_mm,width_mm,length_mm,price_eur_cents,stock_quantity,stock_unit,sort_order) VALUES ('4a486325-ffc4-4584-89a8-43a9f13d8b93','387a1856-0e6f-4ccc-abf8-ead24726b003','SWP-BIRFS-40x620x2000',40,620,2000,6680,370,'piece',4);
INSERT INTO catalog_variant_packaging_assignments (variant_id,packaging_type_id,is_default) VALUES ('4a486325-ffc4-4584-89a8-43a9f13d8b93','f57c17cf-fc28-4e30-a8aa-19fa5d7e5e53',true);
INSERT INTO catalog_variant_field_values (variant_id,field_id,option_id) VALUES ('4a486325-ffc4-4584-89a8-43a9f13d8b93','f0000001-0005-0000-0000-000000000001','5088e588-8912-4a9a-b37e-253c885ba472');
INSERT INTO catalog_variant_field_values (variant_id,field_id,option_id) VALUES ('4a486325-ffc4-4584-89a8-43a9f13d8b93','f0000001-0006-0000-0000-000000000001','b31d993c-e7ae-4f86-930f-4b3cc285d698');
INSERT INTO catalog_variants (id,product_id,sku,thickness_mm,width_mm,length_mm,price_eur_cents,stock_quantity,stock_unit,sort_order) VALUES ('f73c4d1f-3e62-433e-9257-bf3b9ea27b75','387a1856-0e6f-4ccc-abf8-ead24726b003','SWP-BIRFS-40x800x4000',40,800,4000,6680,330,'piece',5);
INSERT INTO catalog_variant_packaging_assignments (variant_id,packaging_type_id,is_default) VALUES ('f73c4d1f-3e62-433e-9257-bf3b9ea27b75','f57c17cf-fc28-4e30-a8aa-19fa5d7e5e53',true);
INSERT INTO catalog_variant_field_values (variant_id,field_id,option_id) VALUES ('f73c4d1f-3e62-433e-9257-bf3b9ea27b75','f0000001-0005-0000-0000-000000000001','5088e588-8912-4a9a-b37e-253c885ba472');
INSERT INTO catalog_variant_field_values (variant_id,field_id,option_id) VALUES ('f73c4d1f-3e62-433e-9257-bf3b9ea27b75','f0000001-0006-0000-0000-000000000001','b31d993c-e7ae-4f86-930f-4b3cc285d698');
INSERT INTO catalog_products (id,category_id,slug,name,description,sort_order,base_price_eur_cents) VALUES ('54c064cc-d7e5-425b-bf1a-4a766086057e','a0000001-0000-0000-0000-000000000001','birch-finger-joint','Birch Finger Joint Panel','Nordic birch finger-jointed panels. Clean and uniform, well suited to cabinetry, drawers and painted furniture.',5,3400);
INSERT INTO catalog_product_field_values (product_id,field_id,option_id) VALUES ('54c064cc-d7e5-425b-bf1a-4a766086057e','f0000001-0001-0000-0000-000000000001','6865e713-ac6c-42b5-ac6d-a1643d977dc0');
INSERT INTO catalog_product_field_values (product_id,field_id,option_id) VALUES ('54c064cc-d7e5-425b-bf1a-4a766086057e','f0000001-0002-0000-0000-000000000001','e3689e35-1f51-46ae-a817-ce1797b76fcb');
INSERT INTO catalog_product_field_values (product_id,field_id,option_id) VALUES ('54c064cc-d7e5-425b-bf1a-4a766086057e','f0000001-0003-0000-0000-000000000001','6f193264-710e-490b-b78b-52e482e17b0d');
INSERT INTO catalog_product_field_values (product_id,field_id,option_id) VALUES ('54c064cc-d7e5-425b-bf1a-4a766086057e','f0000001-0004-0000-0000-000000000001','66bd0514-90e0-46d6-9204-4b991f0cc08f');
INSERT INTO catalog_variants (id,product_id,sku,thickness_mm,width_mm,length_mm,price_eur_cents,stock_quantity,stock_unit,sort_order) VALUES ('2248bfb0-1986-4b9d-9eab-9ba83dd88821','54c064cc-d7e5-425b-bf1a-4a766086057e','SWP-BIRFJ-18x600x2000',18,600,2000,3400,120,'package',0);
INSERT INTO catalog_variant_packaging_assignments (variant_id,packaging_type_id,is_default) VALUES ('2248bfb0-1986-4b9d-9eab-9ba83dd88821','f57c17cf-fc28-4e30-a8aa-19fa5d7e5e53',true);
INSERT INTO catalog_variant_field_values (variant_id,field_id,option_id) VALUES ('2248bfb0-1986-4b9d-9eab-9ba83dd88821','f0000001-0005-0000-0000-000000000001','5088e588-8912-4a9a-b37e-253c885ba472');
INSERT INTO catalog_variant_field_values (variant_id,field_id,option_id) VALUES ('2248bfb0-1986-4b9d-9eab-9ba83dd88821','f0000001-0006-0000-0000-000000000001','b31d993c-e7ae-4f86-930f-4b3cc285d698');
INSERT INTO catalog_variants (id,product_id,sku,thickness_mm,width_mm,length_mm,price_eur_cents,stock_quantity,stock_unit,sort_order) VALUES ('f5108c39-068a-481e-a6db-22b0fe4f954f','54c064cc-d7e5-425b-bf1a-4a766086057e','SWP-BIRFJ-18x620x3000',18,620,3000,3400,200,'piece',1);
INSERT INTO catalog_variant_packaging_assignments (variant_id,packaging_type_id,is_default) VALUES ('f5108c39-068a-481e-a6db-22b0fe4f954f','f57c17cf-fc28-4e30-a8aa-19fa5d7e5e53',true);
INSERT INTO catalog_variant_field_values (variant_id,field_id,option_id) VALUES ('f5108c39-068a-481e-a6db-22b0fe4f954f','f0000001-0005-0000-0000-000000000001','5088e588-8912-4a9a-b37e-253c885ba472');
INSERT INTO catalog_variant_field_values (variant_id,field_id,option_id) VALUES ('f5108c39-068a-481e-a6db-22b0fe4f954f','f0000001-0006-0000-0000-000000000001','b31d993c-e7ae-4f86-930f-4b3cc285d698');
INSERT INTO catalog_variants (id,product_id,sku,thickness_mm,width_mm,length_mm,price_eur_cents,stock_quantity,stock_unit,sort_order) VALUES ('b670ecb7-71f5-4751-b544-70f3642baf29','54c064cc-d7e5-425b-bf1a-4a766086057e','SWP-BIRFJ-20x620x2000',20,620,2000,3580,480,'piece',2);
INSERT INTO catalog_variant_packaging_assignments (variant_id,packaging_type_id,is_default) VALUES ('b670ecb7-71f5-4751-b544-70f3642baf29','f57c17cf-fc28-4e30-a8aa-19fa5d7e5e53',true);
INSERT INTO catalog_variant_field_values (variant_id,field_id,option_id) VALUES ('b670ecb7-71f5-4751-b544-70f3642baf29','f0000001-0005-0000-0000-000000000001','5088e588-8912-4a9a-b37e-253c885ba472');
INSERT INTO catalog_variant_field_values (variant_id,field_id,option_id) VALUES ('b670ecb7-71f5-4751-b544-70f3642baf29','f0000001-0006-0000-0000-000000000001','b31d993c-e7ae-4f86-930f-4b3cc285d698');
INSERT INTO catalog_variants (id,product_id,sku,thickness_mm,width_mm,length_mm,price_eur_cents,stock_quantity,stock_unit,sort_order) VALUES ('7cc6dad0-db30-4deb-ab45-17e36673a6eb','54c064cc-d7e5-425b-bf1a-4a766086057e','SWP-BIRFJ-26x800x3000',26,800,3000,4120,430,'package',3);
INSERT INTO catalog_variant_packaging_assignments (variant_id,packaging_type_id,is_default) VALUES ('7cc6dad0-db30-4deb-ab45-17e36673a6eb','f57c17cf-fc28-4e30-a8aa-19fa5d7e5e53',true);
INSERT INTO catalog_variant_field_values (variant_id,field_id,option_id) VALUES ('7cc6dad0-db30-4deb-ab45-17e36673a6eb','f0000001-0005-0000-0000-000000000001','5088e588-8912-4a9a-b37e-253c885ba472');
INSERT INTO catalog_variant_field_values (variant_id,field_id,option_id) VALUES ('7cc6dad0-db30-4deb-ab45-17e36673a6eb','f0000001-0006-0000-0000-000000000001','b31d993c-e7ae-4f86-930f-4b3cc285d698');
INSERT INTO catalog_variants (id,product_id,sku,thickness_mm,width_mm,length_mm,price_eur_cents,stock_quantity,stock_unit,sort_order) VALUES ('46d6d411-3f35-40b3-bd9b-94be93da496a','54c064cc-d7e5-425b-bf1a-4a766086057e','SWP-BIRFJ-40x620x2000',40,620,2000,5380,470,'piece',4);
INSERT INTO catalog_variant_packaging_assignments (variant_id,packaging_type_id,is_default) VALUES ('46d6d411-3f35-40b3-bd9b-94be93da496a','f57c17cf-fc28-4e30-a8aa-19fa5d7e5e53',true);
INSERT INTO catalog_variant_field_values (variant_id,field_id,option_id) VALUES ('46d6d411-3f35-40b3-bd9b-94be93da496a','f0000001-0005-0000-0000-000000000001','5088e588-8912-4a9a-b37e-253c885ba472');
INSERT INTO catalog_variant_field_values (variant_id,field_id,option_id) VALUES ('46d6d411-3f35-40b3-bd9b-94be93da496a','f0000001-0006-0000-0000-000000000001','b31d993c-e7ae-4f86-930f-4b3cc285d698');
INSERT INTO catalog_variants (id,product_id,sku,thickness_mm,width_mm,length_mm,price_eur_cents,stock_quantity,stock_unit,sort_order) VALUES ('8a9659cc-097c-4f6f-81ab-ee3496e4b0bf','54c064cc-d7e5-425b-bf1a-4a766086057e','SWP-BIRFJ-40x800x4000',40,800,4000,5380,260,'piece',5);
INSERT INTO catalog_variant_packaging_assignments (variant_id,packaging_type_id,is_default) VALUES ('8a9659cc-097c-4f6f-81ab-ee3496e4b0bf','f57c17cf-fc28-4e30-a8aa-19fa5d7e5e53',true);
INSERT INTO catalog_variant_field_values (variant_id,field_id,option_id) VALUES ('8a9659cc-097c-4f6f-81ab-ee3496e4b0bf','f0000001-0005-0000-0000-000000000001','5088e588-8912-4a9a-b37e-253c885ba472');
INSERT INTO catalog_variant_field_values (variant_id,field_id,option_id) VALUES ('8a9659cc-097c-4f6f-81ab-ee3496e4b0bf','f0000001-0006-0000-0000-000000000001','b31d993c-e7ae-4f86-930f-4b3cc285d698');
INSERT INTO catalog_products (id,category_id,slug,name,description,sort_order,base_price_eur_cents) VALUES ('e208a244-76c7-4022-88b2-3cc0f5558571','a0000001-0000-0000-0000-000000000001','pine-finger-joint','Pine Finger Joint Panel','Scandinavian pine finger-jointed panels. A warm, knotty softwood panel — economical for shelving, cladding and rustic interiors.',6,2800);
INSERT INTO catalog_product_field_values (product_id,field_id,option_id) VALUES ('e208a244-76c7-4022-88b2-3cc0f5558571','f0000001-0001-0000-0000-000000000001','54c8e615-f750-4870-96ea-0587ba35f2dd');
INSERT INTO catalog_product_field_values (product_id,field_id,option_id) VALUES ('e208a244-76c7-4022-88b2-3cc0f5558571','f0000001-0002-0000-0000-000000000001','e3689e35-1f51-46ae-a817-ce1797b76fcb');
INSERT INTO catalog_product_field_values (product_id,field_id,option_id) VALUES ('e208a244-76c7-4022-88b2-3cc0f5558571','f0000001-0003-0000-0000-000000000001','6f193264-710e-490b-b78b-52e482e17b0d');
INSERT INTO catalog_product_field_values (product_id,field_id,option_id) VALUES ('e208a244-76c7-4022-88b2-3cc0f5558571','f0000001-0004-0000-0000-000000000001','66bd0514-90e0-46d6-9204-4b991f0cc08f');
INSERT INTO catalog_variants (id,product_id,sku,thickness_mm,width_mm,length_mm,price_eur_cents,stock_quantity,stock_unit,sort_order) VALUES ('31b51f8f-1ef5-4a6b-b50e-3e5530110664','e208a244-76c7-4022-88b2-3cc0f5558571','SWP-PINFJ-18x600x2000',18,600,2000,2800,320,'package',0);
INSERT INTO catalog_variant_packaging_assignments (variant_id,packaging_type_id,is_default) VALUES ('31b51f8f-1ef5-4a6b-b50e-3e5530110664','f57c17cf-fc28-4e30-a8aa-19fa5d7e5e53',true);
INSERT INTO catalog_variant_field_values (variant_id,field_id,option_id) VALUES ('31b51f8f-1ef5-4a6b-b50e-3e5530110664','f0000001-0005-0000-0000-000000000001','a5a37f6c-53e7-4b49-9417-2f038206869b');
INSERT INTO catalog_variant_field_values (variant_id,field_id,option_id) VALUES ('31b51f8f-1ef5-4a6b-b50e-3e5530110664','f0000001-0006-0000-0000-000000000001','131a7b09-4a18-422d-8217-186b67ad5957');
INSERT INTO catalog_variants (id,product_id,sku,thickness_mm,width_mm,length_mm,price_eur_cents,stock_quantity,stock_unit,sort_order) VALUES ('8de4f096-587a-4e5c-96c7-12eb32fe1392','e208a244-76c7-4022-88b2-3cc0f5558571','SWP-PINFJ-18x620x3000',18,620,3000,2800,180,'piece',1);
INSERT INTO catalog_variant_packaging_assignments (variant_id,packaging_type_id,is_default) VALUES ('8de4f096-587a-4e5c-96c7-12eb32fe1392','f57c17cf-fc28-4e30-a8aa-19fa5d7e5e53',true);
INSERT INTO catalog_variant_field_values (variant_id,field_id,option_id) VALUES ('8de4f096-587a-4e5c-96c7-12eb32fe1392','f0000001-0005-0000-0000-000000000001','a5a37f6c-53e7-4b49-9417-2f038206869b');
INSERT INTO catalog_variant_field_values (variant_id,field_id,option_id) VALUES ('8de4f096-587a-4e5c-96c7-12eb32fe1392','f0000001-0006-0000-0000-000000000001','131a7b09-4a18-422d-8217-186b67ad5957');
INSERT INTO catalog_variants (id,product_id,sku,thickness_mm,width_mm,length_mm,price_eur_cents,stock_quantity,stock_unit,sort_order) VALUES ('be6f9f2b-0014-4ee2-8926-9f29e233611f','e208a244-76c7-4022-88b2-3cc0f5558571','SWP-PINFJ-20x620x2000',20,620,2000,2980,60,'piece',2);
INSERT INTO catalog_variant_packaging_assignments (variant_id,packaging_type_id,is_default) VALUES ('be6f9f2b-0014-4ee2-8926-9f29e233611f','f57c17cf-fc28-4e30-a8aa-19fa5d7e5e53',true);
INSERT INTO catalog_variant_field_values (variant_id,field_id,option_id) VALUES ('be6f9f2b-0014-4ee2-8926-9f29e233611f','f0000001-0005-0000-0000-000000000001','a5a37f6c-53e7-4b49-9417-2f038206869b');
INSERT INTO catalog_variant_field_values (variant_id,field_id,option_id) VALUES ('be6f9f2b-0014-4ee2-8926-9f29e233611f','f0000001-0006-0000-0000-000000000001','131a7b09-4a18-422d-8217-186b67ad5957');
INSERT INTO catalog_variants (id,product_id,sku,thickness_mm,width_mm,length_mm,price_eur_cents,stock_quantity,stock_unit,sort_order) VALUES ('04586aaf-5858-41ff-98ed-8767054c28ad','e208a244-76c7-4022-88b2-3cc0f5558571','SWP-PINFJ-26x800x3000',26,800,3000,3520,100,'package',3);
INSERT INTO catalog_variant_packaging_assignments (variant_id,packaging_type_id,is_default) VALUES ('04586aaf-5858-41ff-98ed-8767054c28ad','f57c17cf-fc28-4e30-a8aa-19fa5d7e5e53',true);
INSERT INTO catalog_variant_field_values (variant_id,field_id,option_id) VALUES ('04586aaf-5858-41ff-98ed-8767054c28ad','f0000001-0005-0000-0000-000000000001','a5a37f6c-53e7-4b49-9417-2f038206869b');
INSERT INTO catalog_variant_field_values (variant_id,field_id,option_id) VALUES ('04586aaf-5858-41ff-98ed-8767054c28ad','f0000001-0006-0000-0000-000000000001','131a7b09-4a18-422d-8217-186b67ad5957');
INSERT INTO catalog_variants (id,product_id,sku,thickness_mm,width_mm,length_mm,price_eur_cents,stock_quantity,stock_unit,sort_order) VALUES ('61dfd0f4-c7dd-41c2-b1b0-e2ad6eb3581f','e208a244-76c7-4022-88b2-3cc0f5558571','SWP-PINFJ-40x620x2000',40,620,2000,4780,250,'piece',4);
INSERT INTO catalog_variant_packaging_assignments (variant_id,packaging_type_id,is_default) VALUES ('61dfd0f4-c7dd-41c2-b1b0-e2ad6eb3581f','f57c17cf-fc28-4e30-a8aa-19fa5d7e5e53',true);
INSERT INTO catalog_variant_field_values (variant_id,field_id,option_id) VALUES ('61dfd0f4-c7dd-41c2-b1b0-e2ad6eb3581f','f0000001-0005-0000-0000-000000000001','a5a37f6c-53e7-4b49-9417-2f038206869b');
INSERT INTO catalog_variant_field_values (variant_id,field_id,option_id) VALUES ('61dfd0f4-c7dd-41c2-b1b0-e2ad6eb3581f','f0000001-0006-0000-0000-000000000001','131a7b09-4a18-422d-8217-186b67ad5957');
INSERT INTO catalog_variants (id,product_id,sku,thickness_mm,width_mm,length_mm,price_eur_cents,stock_quantity,stock_unit,sort_order) VALUES ('cdbfdce1-cdb4-4f81-b79a-79558320e8b3','e208a244-76c7-4022-88b2-3cc0f5558571','SWP-PINFJ-40x800x4000',40,800,4000,4780,330,'piece',5);
INSERT INTO catalog_variant_packaging_assignments (variant_id,packaging_type_id,is_default) VALUES ('cdbfdce1-cdb4-4f81-b79a-79558320e8b3','f57c17cf-fc28-4e30-a8aa-19fa5d7e5e53',true);
INSERT INTO catalog_variant_field_values (variant_id,field_id,option_id) VALUES ('cdbfdce1-cdb4-4f81-b79a-79558320e8b3','f0000001-0005-0000-0000-000000000001','a5a37f6c-53e7-4b49-9417-2f038206869b');
INSERT INTO catalog_variant_field_values (variant_id,field_id,option_id) VALUES ('cdbfdce1-cdb4-4f81-b79a-79558320e8b3','f0000001-0006-0000-0000-000000000001','131a7b09-4a18-422d-8217-186b67ad5957');
INSERT INTO catalog_products (id,category_id,slug,name,description,sort_order,base_price_eur_cents) VALUES ('dd5628c0-5248-4de0-a9c9-c4b8c446cbac','d1fd92a4-1781-4635-b54b-db458b8433f5','oak-stair-tread','Oak Stair Tread','Solid European oak stair treads, edge-glued from prime staves and pre-oiled. Ready to install for a warm, hard-wearing staircase.',0,3800);
INSERT INTO catalog_product_field_values (product_id,field_id,option_id) VALUES ('dd5628c0-5248-4de0-a9c9-c4b8c446cbac','f0000001-0001-0000-0000-000000000001','6286bb0f-4471-468a-a1de-3364b69d5ba7');
INSERT INTO catalog_product_field_values (product_id,field_id,option_id) VALUES ('dd5628c0-5248-4de0-a9c9-c4b8c446cbac','f0000001-0003-0000-0000-000000000001','d48eb342-0180-469f-b673-3a83dd6db430');
INSERT INTO catalog_variants (id,product_id,sku,thickness_mm,width_mm,length_mm,price_eur_cents,stock_quantity,stock_unit,sort_order) VALUES ('04ba65a9-1ce5-414d-800c-cefac61a0281','dd5628c0-5248-4de0-a9c9-c4b8c446cbac','STR-OAK-40x300x900',40,300,900,3800,190,'piece',0);
INSERT INTO catalog_variant_packaging_assignments (variant_id,packaging_type_id,is_default) VALUES ('04ba65a9-1ce5-414d-800c-cefac61a0281','3336df5a-f641-44e5-bab7-fd5ecf835323',true);
INSERT INTO catalog_variant_field_values (variant_id,field_id,option_id) VALUES ('04ba65a9-1ce5-414d-800c-cefac61a0281','f0000001-0005-0000-0000-000000000001','bc1d79e9-075c-439e-90f3-ea2be1875d25');
INSERT INTO catalog_variants (id,product_id,sku,thickness_mm,width_mm,length_mm,price_eur_cents,stock_quantity,stock_unit,sort_order) VALUES ('12517d6e-1a26-4cd0-8fc0-6294880439d6','dd5628c0-5248-4de0-a9c9-c4b8c446cbac','STR-OAK-40x300x1000',40,300,1000,4150,270,'piece',1);
INSERT INTO catalog_variant_packaging_assignments (variant_id,packaging_type_id,is_default) VALUES ('12517d6e-1a26-4cd0-8fc0-6294880439d6','3336df5a-f641-44e5-bab7-fd5ecf835323',true);
INSERT INTO catalog_variant_field_values (variant_id,field_id,option_id) VALUES ('12517d6e-1a26-4cd0-8fc0-6294880439d6','f0000001-0005-0000-0000-000000000001','bc1d79e9-075c-439e-90f3-ea2be1875d25');
INSERT INTO catalog_variants (id,product_id,sku,thickness_mm,width_mm,length_mm,price_eur_cents,stock_quantity,stock_unit,sort_order) VALUES ('c0f7ae09-d421-492e-a6a2-751104a9fe0e','dd5628c0-5248-4de0-a9c9-c4b8c446cbac','STR-OAK-40x330x1100',40,330,1100,4590,260,'piece',2);
INSERT INTO catalog_variant_packaging_assignments (variant_id,packaging_type_id,is_default) VALUES ('c0f7ae09-d421-492e-a6a2-751104a9fe0e','3336df5a-f641-44e5-bab7-fd5ecf835323',true);
INSERT INTO catalog_variant_field_values (variant_id,field_id,option_id) VALUES ('c0f7ae09-d421-492e-a6a2-751104a9fe0e','f0000001-0005-0000-0000-000000000001','bc1d79e9-075c-439e-90f3-ea2be1875d25');
INSERT INTO catalog_variants (id,product_id,sku,thickness_mm,width_mm,length_mm,price_eur_cents,stock_quantity,stock_unit,sort_order) VALUES ('db9b5151-4692-4000-aaed-4b3de41f9599','dd5628c0-5248-4de0-a9c9-c4b8c446cbac','STR-OAK-40x330x1200',40,330,1200,4940,340,'piece',3);
INSERT INTO catalog_variant_packaging_assignments (variant_id,packaging_type_id,is_default) VALUES ('db9b5151-4692-4000-aaed-4b3de41f9599','3336df5a-f641-44e5-bab7-fd5ecf835323',true);
INSERT INTO catalog_variant_field_values (variant_id,field_id,option_id) VALUES ('db9b5151-4692-4000-aaed-4b3de41f9599','f0000001-0005-0000-0000-000000000001','bc1d79e9-075c-439e-90f3-ea2be1875d25');
INSERT INTO catalog_variants (id,product_id,sku,thickness_mm,width_mm,length_mm,price_eur_cents,stock_quantity,stock_unit,sort_order) VALUES ('9b7926c8-5e3a-4d66-81da-d9c7a3d339e6','dd5628c0-5248-4de0-a9c9-c4b8c446cbac','STR-OAK-40x330x1300',40,330,1300,5290,300,'piece',4);
INSERT INTO catalog_variant_packaging_assignments (variant_id,packaging_type_id,is_default) VALUES ('9b7926c8-5e3a-4d66-81da-d9c7a3d339e6','3336df5a-f641-44e5-bab7-fd5ecf835323',true);
INSERT INTO catalog_variant_field_values (variant_id,field_id,option_id) VALUES ('9b7926c8-5e3a-4d66-81da-d9c7a3d339e6','f0000001-0005-0000-0000-000000000001','bc1d79e9-075c-439e-90f3-ea2be1875d25');
INSERT INTO catalog_products (id,category_id,slug,name,description,sort_order,base_price_eur_cents) VALUES ('af14e92c-0dd0-4598-b061-9a75bd0e0e3e','d1fd92a4-1781-4635-b54b-db458b8433f5','ash-stair-tread','Ash Stair Tread','Solid ash stair treads with a bright, even grain. Sanded and ready for your choice of finish.',1,3000);
INSERT INTO catalog_product_field_values (product_id,field_id,option_id) VALUES ('af14e92c-0dd0-4598-b061-9a75bd0e0e3e','f0000001-0001-0000-0000-000000000001','e51155c7-f0e3-4055-bd35-c6cf4e51ebd2');
INSERT INTO catalog_product_field_values (product_id,field_id,option_id) VALUES ('af14e92c-0dd0-4598-b061-9a75bd0e0e3e','f0000001-0003-0000-0000-000000000001','6f193264-710e-490b-b78b-52e482e17b0d');
INSERT INTO catalog_variants (id,product_id,sku,thickness_mm,width_mm,length_mm,price_eur_cents,stock_quantity,stock_unit,sort_order) VALUES ('c8ef7cd3-123e-419b-90d8-fc1cb883b504','af14e92c-0dd0-4598-b061-9a75bd0e0e3e','STR-ASH-40x300x900',40,300,900,3000,190,'piece',0);
INSERT INTO catalog_variant_packaging_assignments (variant_id,packaging_type_id,is_default) VALUES ('c8ef7cd3-123e-419b-90d8-fc1cb883b504','3336df5a-f641-44e5-bab7-fd5ecf835323',true);
INSERT INTO catalog_variant_field_values (variant_id,field_id,option_id) VALUES ('c8ef7cd3-123e-419b-90d8-fc1cb883b504','f0000001-0005-0000-0000-000000000001','8f314ee1-e5fb-424a-9f4c-95cea88703be');
INSERT INTO catalog_variants (id,product_id,sku,thickness_mm,width_mm,length_mm,price_eur_cents,stock_quantity,stock_unit,sort_order) VALUES ('7714d82c-04a4-44be-b021-ac6b68aad629','af14e92c-0dd0-4598-b061-9a75bd0e0e3e','STR-ASH-40x300x1000',40,300,1000,3350,170,'piece',1);
INSERT INTO catalog_variant_packaging_assignments (variant_id,packaging_type_id,is_default) VALUES ('7714d82c-04a4-44be-b021-ac6b68aad629','3336df5a-f641-44e5-bab7-fd5ecf835323',true);
INSERT INTO catalog_variant_field_values (variant_id,field_id,option_id) VALUES ('7714d82c-04a4-44be-b021-ac6b68aad629','f0000001-0005-0000-0000-000000000001','8f314ee1-e5fb-424a-9f4c-95cea88703be');
INSERT INTO catalog_variants (id,product_id,sku,thickness_mm,width_mm,length_mm,price_eur_cents,stock_quantity,stock_unit,sort_order) VALUES ('7648310a-ffad-4f1a-af80-30c2f4071723','af14e92c-0dd0-4598-b061-9a75bd0e0e3e','STR-ASH-40x330x1100',40,330,1100,3790,440,'piece',2);
INSERT INTO catalog_variant_packaging_assignments (variant_id,packaging_type_id,is_default) VALUES ('7648310a-ffad-4f1a-af80-30c2f4071723','3336df5a-f641-44e5-bab7-fd5ecf835323',true);
INSERT INTO catalog_variant_field_values (variant_id,field_id,option_id) VALUES ('7648310a-ffad-4f1a-af80-30c2f4071723','f0000001-0005-0000-0000-000000000001','8f314ee1-e5fb-424a-9f4c-95cea88703be');
INSERT INTO catalog_variants (id,product_id,sku,thickness_mm,width_mm,length_mm,price_eur_cents,stock_quantity,stock_unit,sort_order) VALUES ('423808b9-c9c2-4ef5-a8a7-08d2874e3e9b','af14e92c-0dd0-4598-b061-9a75bd0e0e3e','STR-ASH-40x330x1200',40,330,1200,4140,140,'piece',3);
INSERT INTO catalog_variant_packaging_assignments (variant_id,packaging_type_id,is_default) VALUES ('423808b9-c9c2-4ef5-a8a7-08d2874e3e9b','3336df5a-f641-44e5-bab7-fd5ecf835323',true);
INSERT INTO catalog_variant_field_values (variant_id,field_id,option_id) VALUES ('423808b9-c9c2-4ef5-a8a7-08d2874e3e9b','f0000001-0005-0000-0000-000000000001','8f314ee1-e5fb-424a-9f4c-95cea88703be');
INSERT INTO catalog_variants (id,product_id,sku,thickness_mm,width_mm,length_mm,price_eur_cents,stock_quantity,stock_unit,sort_order) VALUES ('48b4d309-53fa-4bef-a882-68b4e205a289','af14e92c-0dd0-4598-b061-9a75bd0e0e3e','STR-ASH-40x330x1300',40,330,1300,4490,230,'piece',4);
INSERT INTO catalog_variant_packaging_assignments (variant_id,packaging_type_id,is_default) VALUES ('48b4d309-53fa-4bef-a882-68b4e205a289','3336df5a-f641-44e5-bab7-fd5ecf835323',true);
INSERT INTO catalog_variant_field_values (variant_id,field_id,option_id) VALUES ('48b4d309-53fa-4bef-a882-68b4e205a289','f0000001-0005-0000-0000-000000000001','8f314ee1-e5fb-424a-9f4c-95cea88703be');
INSERT INTO catalog_products (id,category_id,slug,name,description,sort_order,base_price_eur_cents) VALUES ('c45f5ac2-d288-4999-8f73-187620469046','d1fd92a4-1781-4635-b54b-db458b8433f5','beech-stair-tread','Beech Stair Tread','European beech stair treads — dense, smooth and pale. An economical, durable choice for interior stairs.',2,2600);
INSERT INTO catalog_product_field_values (product_id,field_id,option_id) VALUES ('c45f5ac2-d288-4999-8f73-187620469046','f0000001-0001-0000-0000-000000000001','53fd3eb0-e6a8-4448-8c95-fca82f746870');
INSERT INTO catalog_product_field_values (product_id,field_id,option_id) VALUES ('c45f5ac2-d288-4999-8f73-187620469046','f0000001-0003-0000-0000-000000000001','6f193264-710e-490b-b78b-52e482e17b0d');
INSERT INTO catalog_variants (id,product_id,sku,thickness_mm,width_mm,length_mm,price_eur_cents,stock_quantity,stock_unit,sort_order) VALUES ('a514ca41-b872-4551-bd22-503685725292','c45f5ac2-d288-4999-8f73-187620469046','STR-BEE-40x300x900',40,300,900,2600,50,'piece',0);
INSERT INTO catalog_variant_packaging_assignments (variant_id,packaging_type_id,is_default) VALUES ('a514ca41-b872-4551-bd22-503685725292','3336df5a-f641-44e5-bab7-fd5ecf835323',true);
INSERT INTO catalog_variant_field_values (variant_id,field_id,option_id) VALUES ('a514ca41-b872-4551-bd22-503685725292','f0000001-0005-0000-0000-000000000001','8f314ee1-e5fb-424a-9f4c-95cea88703be');
INSERT INTO catalog_variants (id,product_id,sku,thickness_mm,width_mm,length_mm,price_eur_cents,stock_quantity,stock_unit,sort_order) VALUES ('bb38fe17-aef4-4e20-a8b2-b55428a03a6e','c45f5ac2-d288-4999-8f73-187620469046','STR-BEE-40x300x1000',40,300,1000,2950,360,'piece',1);
INSERT INTO catalog_variant_packaging_assignments (variant_id,packaging_type_id,is_default) VALUES ('bb38fe17-aef4-4e20-a8b2-b55428a03a6e','3336df5a-f641-44e5-bab7-fd5ecf835323',true);
INSERT INTO catalog_variant_field_values (variant_id,field_id,option_id) VALUES ('bb38fe17-aef4-4e20-a8b2-b55428a03a6e','f0000001-0005-0000-0000-000000000001','8f314ee1-e5fb-424a-9f4c-95cea88703be');
INSERT INTO catalog_variants (id,product_id,sku,thickness_mm,width_mm,length_mm,price_eur_cents,stock_quantity,stock_unit,sort_order) VALUES ('68dee3fe-ae70-4255-8e7c-3dace4ef8abe','c45f5ac2-d288-4999-8f73-187620469046','STR-BEE-40x330x1100',40,330,1100,3390,360,'piece',2);
INSERT INTO catalog_variant_packaging_assignments (variant_id,packaging_type_id,is_default) VALUES ('68dee3fe-ae70-4255-8e7c-3dace4ef8abe','3336df5a-f641-44e5-bab7-fd5ecf835323',true);
INSERT INTO catalog_variant_field_values (variant_id,field_id,option_id) VALUES ('68dee3fe-ae70-4255-8e7c-3dace4ef8abe','f0000001-0005-0000-0000-000000000001','8f314ee1-e5fb-424a-9f4c-95cea88703be');
INSERT INTO catalog_variants (id,product_id,sku,thickness_mm,width_mm,length_mm,price_eur_cents,stock_quantity,stock_unit,sort_order) VALUES ('0f0cc2a0-b96c-4d17-b058-6b28e30842ff','c45f5ac2-d288-4999-8f73-187620469046','STR-BEE-40x330x1200',40,330,1200,3740,310,'piece',3);
INSERT INTO catalog_variant_packaging_assignments (variant_id,packaging_type_id,is_default) VALUES ('0f0cc2a0-b96c-4d17-b058-6b28e30842ff','3336df5a-f641-44e5-bab7-fd5ecf835323',true);
INSERT INTO catalog_variant_field_values (variant_id,field_id,option_id) VALUES ('0f0cc2a0-b96c-4d17-b058-6b28e30842ff','f0000001-0005-0000-0000-000000000001','8f314ee1-e5fb-424a-9f4c-95cea88703be');
INSERT INTO catalog_variants (id,product_id,sku,thickness_mm,width_mm,length_mm,price_eur_cents,stock_quantity,stock_unit,sort_order) VALUES ('001d4feb-b633-44ad-8729-bbf5da7e0fd3','c45f5ac2-d288-4999-8f73-187620469046','STR-BEE-40x330x1300',40,330,1300,4090,70,'piece',4);
INSERT INTO catalog_variant_packaging_assignments (variant_id,packaging_type_id,is_default) VALUES ('001d4feb-b633-44ad-8729-bbf5da7e0fd3','3336df5a-f641-44e5-bab7-fd5ecf835323',true);
INSERT INTO catalog_variant_field_values (variant_id,field_id,option_id) VALUES ('001d4feb-b633-44ad-8729-bbf5da7e0fd3','f0000001-0005-0000-0000-000000000001','8f314ee1-e5fb-424a-9f4c-95cea88703be');
INSERT INTO catalog_products (id,category_id,slug,name,description,sort_order,base_price_eur_cents) VALUES ('7ee2b487-6a9d-4ce3-bcd8-efc68fa4a313','9a89b80d-6ffe-440f-b609-7a6f6ff6b92a','oak-firewood','Oak Firewood (Kiln-Dried)','Premium kiln-dried oak firewood. High density and a long, hot burn with low moisture — ideal for wood burners and open fires.',0,11000);
INSERT INTO catalog_product_field_values (product_id,field_id,option_id) VALUES ('7ee2b487-6a9d-4ce3-bcd8-efc68fa4a313','f0000001-0001-0000-0000-000000000001','6286bb0f-4471-468a-a1de-3364b69d5ba7');
INSERT INTO catalog_product_field_values (product_id,field_id,option_id) VALUES ('7ee2b487-6a9d-4ce3-bcd8-efc68fa4a313','f0000001-0004-0000-0000-000000000001','66bd0514-90e0-46d6-9204-4b991f0cc08f');
INSERT INTO catalog_variants (id,product_id,sku,thickness_mm,width_mm,length_mm,price_eur_cents,stock_quantity,stock_unit,sort_order) VALUES ('e3d44831-a84e-4ee9-904d-cc87cf381729','7ee2b487-6a9d-4ce3-bcd8-efc68fa4a313','FW-OAK-1M3',1000,1000,1000,11000,450,'piece',0);
INSERT INTO catalog_variant_packaging_assignments (variant_id,packaging_type_id,is_default) VALUES ('e3d44831-a84e-4ee9-904d-cc87cf381729','6bc1e9cc-e447-4c34-84b3-5150939f6983',true);
INSERT INTO catalog_variants (id,product_id,sku,thickness_mm,width_mm,length_mm,price_eur_cents,stock_quantity,stock_unit,sort_order) VALUES ('3ec2538a-ef75-4c7d-b99c-54c5f1b1dbb5','7ee2b487-6a9d-4ce3-bcd8-efc68fa4a313','FW-OAK-1.5M3',1000,1500,1000,10800,50,'piece',1);
INSERT INTO catalog_variant_packaging_assignments (variant_id,packaging_type_id,is_default) VALUES ('3ec2538a-ef75-4c7d-b99c-54c5f1b1dbb5','6bc1e9cc-e447-4c34-84b3-5150939f6983',true);
INSERT INTO catalog_variants (id,product_id,sku,thickness_mm,width_mm,length_mm,price_eur_cents,stock_quantity,stock_unit,sort_order) VALUES ('58787beb-ec14-4166-ba02-9942bc58b7db','7ee2b487-6a9d-4ce3-bcd8-efc68fa4a313','FW-OAK-2M3',1000,2000,1000,10600,190,'piece',2);
INSERT INTO catalog_variant_packaging_assignments (variant_id,packaging_type_id,is_default) VALUES ('58787beb-ec14-4166-ba02-9942bc58b7db','6bc1e9cc-e447-4c34-84b3-5150939f6983',true);
INSERT INTO catalog_products (id,category_id,slug,name,description,sort_order,base_price_eur_cents) VALUES ('91078b95-90a3-4b35-b767-5495d3722c31','9a89b80d-6ffe-440f-b609-7a6f6ff6b92a','birch-firewood','Birch Firewood (Kiln-Dried)','Kiln-dried birch firewood. Lights easily and burns bright and clean with a pleasant aroma.',1,9500);
INSERT INTO catalog_product_field_values (product_id,field_id,option_id) VALUES ('91078b95-90a3-4b35-b767-5495d3722c31','f0000001-0001-0000-0000-000000000001','6865e713-ac6c-42b5-ac6d-a1643d977dc0');
INSERT INTO catalog_product_field_values (product_id,field_id,option_id) VALUES ('91078b95-90a3-4b35-b767-5495d3722c31','f0000001-0004-0000-0000-000000000001','66bd0514-90e0-46d6-9204-4b991f0cc08f');
INSERT INTO catalog_variants (id,product_id,sku,thickness_mm,width_mm,length_mm,price_eur_cents,stock_quantity,stock_unit,sort_order) VALUES ('95cc563f-0a9c-4d88-8abe-dafc860bffb5','91078b95-90a3-4b35-b767-5495d3722c31','FW-BIR-1M3',1000,1000,1000,9500,140,'piece',0);
INSERT INTO catalog_variant_packaging_assignments (variant_id,packaging_type_id,is_default) VALUES ('95cc563f-0a9c-4d88-8abe-dafc860bffb5','6bc1e9cc-e447-4c34-84b3-5150939f6983',true);
INSERT INTO catalog_variants (id,product_id,sku,thickness_mm,width_mm,length_mm,price_eur_cents,stock_quantity,stock_unit,sort_order) VALUES ('b4f05d25-817a-4796-b01e-7dab95956ba9','91078b95-90a3-4b35-b767-5495d3722c31','FW-BIR-1.5M3',1000,1500,1000,9300,360,'piece',1);
INSERT INTO catalog_variant_packaging_assignments (variant_id,packaging_type_id,is_default) VALUES ('b4f05d25-817a-4796-b01e-7dab95956ba9','6bc1e9cc-e447-4c34-84b3-5150939f6983',true);
INSERT INTO catalog_variants (id,product_id,sku,thickness_mm,width_mm,length_mm,price_eur_cents,stock_quantity,stock_unit,sort_order) VALUES ('6e29fc7d-d046-453f-8373-c9b83df986a8','91078b95-90a3-4b35-b767-5495d3722c31','FW-BIR-2M3',1000,2000,1000,9100,150,'piece',2);
INSERT INTO catalog_variant_packaging_assignments (variant_id,packaging_type_id,is_default) VALUES ('6e29fc7d-d046-453f-8373-c9b83df986a8','6bc1e9cc-e447-4c34-84b3-5150939f6983',true);
INSERT INTO catalog_products (id,category_id,slug,name,description,sort_order,base_price_eur_cents) VALUES ('f5c784ef-a547-4f42-974e-3b117fb2a617','9a89b80d-6ffe-440f-b609-7a6f6ff6b92a','alder-firewood','Alder Firewood (Kiln-Dried)','Kiln-dried alder firewood. A clean, even burn — excellent value for regular use.',2,7800);
INSERT INTO catalog_product_field_values (product_id,field_id,option_id) VALUES ('f5c784ef-a547-4f42-974e-3b117fb2a617','f0000001-0001-0000-0000-000000000001','a93ff22c-edd2-4c72-baf6-2b7642e1f926');
INSERT INTO catalog_product_field_values (product_id,field_id,option_id) VALUES ('f5c784ef-a547-4f42-974e-3b117fb2a617','f0000001-0004-0000-0000-000000000001','f2882b64-62d3-49f3-bfab-a45cf763273c');
INSERT INTO catalog_variants (id,product_id,sku,thickness_mm,width_mm,length_mm,price_eur_cents,stock_quantity,stock_unit,sort_order) VALUES ('618e1993-0bae-4461-830c-5347db760589','f5c784ef-a547-4f42-974e-3b117fb2a617','FW-ALD-1M3',1000,1000,1000,7800,40,'piece',0);
INSERT INTO catalog_variant_packaging_assignments (variant_id,packaging_type_id,is_default) VALUES ('618e1993-0bae-4461-830c-5347db760589','6bc1e9cc-e447-4c34-84b3-5150939f6983',true);
INSERT INTO catalog_variants (id,product_id,sku,thickness_mm,width_mm,length_mm,price_eur_cents,stock_quantity,stock_unit,sort_order) VALUES ('31e65210-2105-4279-8bdf-9fe6e9e178ae','f5c784ef-a547-4f42-974e-3b117fb2a617','FW-ALD-1.5M3',1000,1500,1000,7600,30,'piece',1);
INSERT INTO catalog_variant_packaging_assignments (variant_id,packaging_type_id,is_default) VALUES ('31e65210-2105-4279-8bdf-9fe6e9e178ae','6bc1e9cc-e447-4c34-84b3-5150939f6983',true);
INSERT INTO catalog_variants (id,product_id,sku,thickness_mm,width_mm,length_mm,price_eur_cents,stock_quantity,stock_unit,sort_order) VALUES ('cbac02aa-9962-4777-9231-f6ae3b9d0c57','f5c784ef-a547-4f42-974e-3b117fb2a617','FW-ALD-2M3',1000,2000,1000,7400,100,'piece',2);
INSERT INTO catalog_variant_packaging_assignments (variant_id,packaging_type_id,is_default) VALUES ('cbac02aa-9962-4777-9231-f6ae3b9d0c57','6bc1e9cc-e447-4c34-84b3-5150939f6983',true);
INSERT INTO catalog_products (id,category_id,slug,name,description,sort_order,base_price_eur_cents) VALUES ('5f840de7-ad8c-466b-ae5c-85d575e20ecf','9a89b80d-6ffe-440f-b609-7a6f6ff6b92a','mixed-hardwood-firewood','Mixed Hardwood Firewood (Air-Dried)','Air-dried mixed hardwood firewood. A budget-friendly blend for seasoning further or for outdoor fire pits.',3,6200);
INSERT INTO catalog_product_field_values (product_id,field_id,option_id) VALUES ('5f840de7-ad8c-466b-ae5c-85d575e20ecf','f0000001-0001-0000-0000-000000000001','6865e713-ac6c-42b5-ac6d-a1643d977dc0');
INSERT INTO catalog_product_field_values (product_id,field_id,option_id) VALUES ('5f840de7-ad8c-466b-ae5c-85d575e20ecf','f0000001-0004-0000-0000-000000000001','13a767e5-a43d-46b3-b94a-583844a1a9a2');
INSERT INTO catalog_variants (id,product_id,sku,thickness_mm,width_mm,length_mm,price_eur_cents,stock_quantity,stock_unit,sort_order) VALUES ('237a6e57-3385-47e9-a5b5-02532081bd7f','5f840de7-ad8c-466b-ae5c-85d575e20ecf','FW-BIR-1M3',1000,1000,1000,6200,140,'piece',0);
INSERT INTO catalog_variant_packaging_assignments (variant_id,packaging_type_id,is_default) VALUES ('237a6e57-3385-47e9-a5b5-02532081bd7f','6bc1e9cc-e447-4c34-84b3-5150939f6983',true);
INSERT INTO catalog_variants (id,product_id,sku,thickness_mm,width_mm,length_mm,price_eur_cents,stock_quantity,stock_unit,sort_order) VALUES ('70c7f205-984b-4cf8-b42a-3a7417da4cb9','5f840de7-ad8c-466b-ae5c-85d575e20ecf','FW-BIR-1.5M3',1000,1500,1000,6000,360,'piece',1);
INSERT INTO catalog_variant_packaging_assignments (variant_id,packaging_type_id,is_default) VALUES ('70c7f205-984b-4cf8-b42a-3a7417da4cb9','6bc1e9cc-e447-4c34-84b3-5150939f6983',true);
INSERT INTO catalog_variants (id,product_id,sku,thickness_mm,width_mm,length_mm,price_eur_cents,stock_quantity,stock_unit,sort_order) VALUES ('38f856ef-52af-4d45-a5c5-4f3edb7f6f2b','5f840de7-ad8c-466b-ae5c-85d575e20ecf','FW-BIR-2M3',1000,2000,1000,5800,150,'piece',2);
INSERT INTO catalog_variant_packaging_assignments (variant_id,packaging_type_id,is_default) VALUES ('38f856ef-52af-4d45-a5c5-4f3edb7f6f2b','6bc1e9cc-e447-4c34-84b3-5150939f6983',true);
INSERT INTO catalog_products (id,category_id,slug,name,description,sort_order,base_price_eur_cents) VALUES ('2b1d283c-bbf3-460c-ab69-b76ebd93255d','6b1f1449-0ae2-4b4b-ba97-47e7e46557ec','oak-decking','Oak Decking','Solid European oak decking with a grooved anti-slip face. A premium, naturally durable terrace board that silvers gracefully over time.',0,7200);
INSERT INTO catalog_product_field_values (product_id,field_id,option_id) VALUES ('2b1d283c-bbf3-460c-ab69-b76ebd93255d','f0000001-0001-0000-0000-000000000001','6286bb0f-4471-468a-a1de-3364b69d5ba7');
INSERT INTO catalog_product_field_values (product_id,field_id,option_id) VALUES ('2b1d283c-bbf3-460c-ab69-b76ebd93255d','f0000002-0001-0000-0000-000000000001','411f721e-bd0e-4f2d-842e-7bf79613cea9');
INSERT INTO catalog_variants (id,product_id,sku,thickness_mm,width_mm,length_mm,price_eur_cents,stock_quantity,stock_unit,sort_order) VALUES ('ea890ce6-3e89-4aa8-9cc8-dd3062df2bf6','2b1d283c-bbf3-460c-ab69-b76ebd93255d','TFB-OAK-26x120x3000',26,120,3000,7200,330,'package',0);
INSERT INTO catalog_variant_packaging_assignments (variant_id,packaging_type_id,is_default) VALUES ('ea890ce6-3e89-4aa8-9cc8-dd3062df2bf6','f57c17cf-fc28-4e30-a8aa-19fa5d7e5e53',true);
INSERT INTO catalog_variant_field_values (variant_id,field_id,option_id) VALUES ('ea890ce6-3e89-4aa8-9cc8-dd3062df2bf6','f0000001-0005-0000-0000-000000000001','8f314ee1-e5fb-424a-9f4c-95cea88703be');
INSERT INTO catalog_variants (id,product_id,sku,thickness_mm,width_mm,length_mm,price_eur_cents,stock_quantity,stock_unit,sort_order) VALUES ('b7ffc030-4b24-4466-a058-3140268b12b5','2b1d283c-bbf3-460c-ab69-b76ebd93255d','TFB-OAK-28x120x4000',28,120,4000,7340,40,'piece',1);
INSERT INTO catalog_variant_packaging_assignments (variant_id,packaging_type_id,is_default) VALUES ('b7ffc030-4b24-4466-a058-3140268b12b5','f57c17cf-fc28-4e30-a8aa-19fa5d7e5e53',true);
INSERT INTO catalog_variant_field_values (variant_id,field_id,option_id) VALUES ('b7ffc030-4b24-4466-a058-3140268b12b5','f0000001-0005-0000-0000-000000000001','8f314ee1-e5fb-424a-9f4c-95cea88703be');
INSERT INTO catalog_variants (id,product_id,sku,thickness_mm,width_mm,length_mm,price_eur_cents,stock_quantity,stock_unit,sort_order) VALUES ('e1ae3eca-5f7f-405e-bd9c-0c737f8c2b9d','2b1d283c-bbf3-460c-ab69-b76ebd93255d','TFB-OAK-28x140x4000',28,140,4000,7340,480,'package',2);
INSERT INTO catalog_variant_packaging_assignments (variant_id,packaging_type_id,is_default) VALUES ('e1ae3eca-5f7f-405e-bd9c-0c737f8c2b9d','f57c17cf-fc28-4e30-a8aa-19fa5d7e5e53',true);
INSERT INTO catalog_variant_field_values (variant_id,field_id,option_id) VALUES ('e1ae3eca-5f7f-405e-bd9c-0c737f8c2b9d','f0000001-0005-0000-0000-000000000001','8f314ee1-e5fb-424a-9f4c-95cea88703be');
INSERT INTO catalog_variants (id,product_id,sku,thickness_mm,width_mm,length_mm,price_eur_cents,stock_quantity,stock_unit,sort_order) VALUES ('5d7d83b8-c694-41d4-933c-ad45be660563','2b1d283c-bbf3-460c-ab69-b76ebd93255d','TFB-OAK-45x140x5000',45,140,5000,8230,270,'piece',3);
INSERT INTO catalog_variant_packaging_assignments (variant_id,packaging_type_id,is_default) VALUES ('5d7d83b8-c694-41d4-933c-ad45be660563','f57c17cf-fc28-4e30-a8aa-19fa5d7e5e53',true);
INSERT INTO catalog_variant_field_values (variant_id,field_id,option_id) VALUES ('5d7d83b8-c694-41d4-933c-ad45be660563','f0000001-0005-0000-0000-000000000001','8f314ee1-e5fb-424a-9f4c-95cea88703be');
INSERT INTO catalog_variants (id,product_id,sku,thickness_mm,width_mm,length_mm,price_eur_cents,stock_quantity,stock_unit,sort_order) VALUES ('8a5f11f2-bad9-454e-abcc-9c9d2cde351b','2b1d283c-bbf3-460c-ab69-b76ebd93255d','TFB-OAK-45x140x6000',45,140,6000,8270,170,'package',4);
INSERT INTO catalog_variant_packaging_assignments (variant_id,packaging_type_id,is_default) VALUES ('8a5f11f2-bad9-454e-abcc-9c9d2cde351b','f57c17cf-fc28-4e30-a8aa-19fa5d7e5e53',true);
INSERT INTO catalog_variant_field_values (variant_id,field_id,option_id) VALUES ('8a5f11f2-bad9-454e-abcc-9c9d2cde351b','f0000001-0005-0000-0000-000000000001','8f314ee1-e5fb-424a-9f4c-95cea88703be');
INSERT INTO catalog_products (id,category_id,slug,name,description,sort_order,base_price_eur_cents) VALUES ('3b02b111-ded3-4f97-9f5e-cf020565a433','6b1f1449-0ae2-4b4b-ba97-47e7e46557ec','siberian-larch-decking','Siberian Larch Decking','Dense, slow-grown Siberian larch decking. Naturally resinous and weather-resistant with a warm honey tone and a grooved surface.',1,3200);
INSERT INTO catalog_product_field_values (product_id,field_id,option_id) VALUES ('3b02b111-ded3-4f97-9f5e-cf020565a433','f0000001-0001-0000-0000-000000000001','ad06a523-3d7a-44b0-9f9b-1cfc73ea9051');
INSERT INTO catalog_product_field_values (product_id,field_id,option_id) VALUES ('3b02b111-ded3-4f97-9f5e-cf020565a433','f0000002-0001-0000-0000-000000000001','411f721e-bd0e-4f2d-842e-7bf79613cea9');
INSERT INTO catalog_variants (id,product_id,sku,thickness_mm,width_mm,length_mm,price_eur_cents,stock_quantity,stock_unit,sort_order) VALUES ('d6a5c718-0ea0-4166-89b9-d5596c58657c','3b02b111-ded3-4f97-9f5e-cf020565a433','TFB-LAR-26x120x3000',26,120,3000,3200,60,'package',0);
INSERT INTO catalog_variant_packaging_assignments (variant_id,packaging_type_id,is_default) VALUES ('d6a5c718-0ea0-4166-89b9-d5596c58657c','f57c17cf-fc28-4e30-a8aa-19fa5d7e5e53',true);
INSERT INTO catalog_variant_field_values (variant_id,field_id,option_id) VALUES ('d6a5c718-0ea0-4166-89b9-d5596c58657c','f0000001-0005-0000-0000-000000000001','5088e588-8912-4a9a-b37e-253c885ba472');
INSERT INTO catalog_variants (id,product_id,sku,thickness_mm,width_mm,length_mm,price_eur_cents,stock_quantity,stock_unit,sort_order) VALUES ('87207643-6b27-41e6-b6e8-242ed2230d41','3b02b111-ded3-4f97-9f5e-cf020565a433','TFB-LAR-28x120x4000',28,120,4000,3340,130,'piece',1);
INSERT INTO catalog_variant_packaging_assignments (variant_id,packaging_type_id,is_default) VALUES ('87207643-6b27-41e6-b6e8-242ed2230d41','f57c17cf-fc28-4e30-a8aa-19fa5d7e5e53',true);
INSERT INTO catalog_variant_field_values (variant_id,field_id,option_id) VALUES ('87207643-6b27-41e6-b6e8-242ed2230d41','f0000001-0005-0000-0000-000000000001','5088e588-8912-4a9a-b37e-253c885ba472');
INSERT INTO catalog_variants (id,product_id,sku,thickness_mm,width_mm,length_mm,price_eur_cents,stock_quantity,stock_unit,sort_order) VALUES ('7522d4da-5c44-4cbb-9ad1-d0ac1414aab8','3b02b111-ded3-4f97-9f5e-cf020565a433','TFB-LAR-28x140x4000',28,140,4000,3340,440,'package',2);
INSERT INTO catalog_variant_packaging_assignments (variant_id,packaging_type_id,is_default) VALUES ('7522d4da-5c44-4cbb-9ad1-d0ac1414aab8','f57c17cf-fc28-4e30-a8aa-19fa5d7e5e53',true);
INSERT INTO catalog_variant_field_values (variant_id,field_id,option_id) VALUES ('7522d4da-5c44-4cbb-9ad1-d0ac1414aab8','f0000001-0005-0000-0000-000000000001','5088e588-8912-4a9a-b37e-253c885ba472');
INSERT INTO catalog_variants (id,product_id,sku,thickness_mm,width_mm,length_mm,price_eur_cents,stock_quantity,stock_unit,sort_order) VALUES ('7f151140-65b3-4999-b556-4875829d3b56','3b02b111-ded3-4f97-9f5e-cf020565a433','TFB-LAR-45x140x5000',45,140,5000,4230,290,'piece',3);
INSERT INTO catalog_variant_packaging_assignments (variant_id,packaging_type_id,is_default) VALUES ('7f151140-65b3-4999-b556-4875829d3b56','f57c17cf-fc28-4e30-a8aa-19fa5d7e5e53',true);
INSERT INTO catalog_variant_field_values (variant_id,field_id,option_id) VALUES ('7f151140-65b3-4999-b556-4875829d3b56','f0000001-0005-0000-0000-000000000001','5088e588-8912-4a9a-b37e-253c885ba472');
INSERT INTO catalog_variants (id,product_id,sku,thickness_mm,width_mm,length_mm,price_eur_cents,stock_quantity,stock_unit,sort_order) VALUES ('ed1cc83a-269b-4299-b77c-61c73bc54b12','3b02b111-ded3-4f97-9f5e-cf020565a433','TFB-LAR-45x140x6000',45,140,6000,4270,180,'package',4);
INSERT INTO catalog_variant_packaging_assignments (variant_id,packaging_type_id,is_default) VALUES ('ed1cc83a-269b-4299-b77c-61c73bc54b12','f57c17cf-fc28-4e30-a8aa-19fa5d7e5e53',true);
INSERT INTO catalog_variant_field_values (variant_id,field_id,option_id) VALUES ('ed1cc83a-269b-4299-b77c-61c73bc54b12','f0000001-0005-0000-0000-000000000001','5088e588-8912-4a9a-b37e-253c885ba472');
INSERT INTO catalog_products (id,category_id,slug,name,description,sort_order,base_price_eur_cents) VALUES ('83076fb5-7424-4840-8aef-43e959e6b710','6b1f1449-0ae2-4b4b-ba97-47e7e46557ec','thermo-ash-decking','Thermo-Ash Decking','Thermally modified ash decking. Heat treatment gives outstanding dimensional stability and durability with a rich, deep-brown colour.',2,5800);
INSERT INTO catalog_product_field_values (product_id,field_id,option_id) VALUES ('83076fb5-7424-4840-8aef-43e959e6b710','f0000001-0001-0000-0000-000000000001','e51155c7-f0e3-4055-bd35-c6cf4e51ebd2');
INSERT INTO catalog_product_field_values (product_id,field_id,option_id) VALUES ('83076fb5-7424-4840-8aef-43e959e6b710','f0000002-0001-0000-0000-000000000001','7db46e86-4c70-48ca-bcf9-3ac3c70901e0');
INSERT INTO catalog_variants (id,product_id,sku,thickness_mm,width_mm,length_mm,price_eur_cents,stock_quantity,stock_unit,sort_order) VALUES ('735a1362-b6d0-4601-9103-3eddc9149c36','83076fb5-7424-4840-8aef-43e959e6b710','TFB-ASH-26x120x3000',26,120,3000,5800,240,'package',0);
INSERT INTO catalog_variant_packaging_assignments (variant_id,packaging_type_id,is_default) VALUES ('735a1362-b6d0-4601-9103-3eddc9149c36','f57c17cf-fc28-4e30-a8aa-19fa5d7e5e53',true);
INSERT INTO catalog_variant_field_values (variant_id,field_id,option_id) VALUES ('735a1362-b6d0-4601-9103-3eddc9149c36','f0000001-0005-0000-0000-000000000001','8f314ee1-e5fb-424a-9f4c-95cea88703be');
INSERT INTO catalog_variants (id,product_id,sku,thickness_mm,width_mm,length_mm,price_eur_cents,stock_quantity,stock_unit,sort_order) VALUES ('2b776b1e-f319-4965-8a38-a686b9c3887c','83076fb5-7424-4840-8aef-43e959e6b710','TFB-ASH-28x120x4000',28,120,4000,5940,110,'piece',1);
INSERT INTO catalog_variant_packaging_assignments (variant_id,packaging_type_id,is_default) VALUES ('2b776b1e-f319-4965-8a38-a686b9c3887c','f57c17cf-fc28-4e30-a8aa-19fa5d7e5e53',true);
INSERT INTO catalog_variant_field_values (variant_id,field_id,option_id) VALUES ('2b776b1e-f319-4965-8a38-a686b9c3887c','f0000001-0005-0000-0000-000000000001','8f314ee1-e5fb-424a-9f4c-95cea88703be');
INSERT INTO catalog_variants (id,product_id,sku,thickness_mm,width_mm,length_mm,price_eur_cents,stock_quantity,stock_unit,sort_order) VALUES ('9be620ab-2bf3-404a-8f89-70c55bdefb78','83076fb5-7424-4840-8aef-43e959e6b710','TFB-ASH-28x140x4000',28,140,4000,5940,290,'package',2);
INSERT INTO catalog_variant_packaging_assignments (variant_id,packaging_type_id,is_default) VALUES ('9be620ab-2bf3-404a-8f89-70c55bdefb78','f57c17cf-fc28-4e30-a8aa-19fa5d7e5e53',true);
INSERT INTO catalog_variant_field_values (variant_id,field_id,option_id) VALUES ('9be620ab-2bf3-404a-8f89-70c55bdefb78','f0000001-0005-0000-0000-000000000001','8f314ee1-e5fb-424a-9f4c-95cea88703be');
INSERT INTO catalog_variants (id,product_id,sku,thickness_mm,width_mm,length_mm,price_eur_cents,stock_quantity,stock_unit,sort_order) VALUES ('858ee961-d4bc-4714-93f2-9f57246aae83','83076fb5-7424-4840-8aef-43e959e6b710','TFB-ASH-45x140x5000',45,140,5000,6830,430,'piece',3);
INSERT INTO catalog_variant_packaging_assignments (variant_id,packaging_type_id,is_default) VALUES ('858ee961-d4bc-4714-93f2-9f57246aae83','f57c17cf-fc28-4e30-a8aa-19fa5d7e5e53',true);
INSERT INTO catalog_variant_field_values (variant_id,field_id,option_id) VALUES ('858ee961-d4bc-4714-93f2-9f57246aae83','f0000001-0005-0000-0000-000000000001','8f314ee1-e5fb-424a-9f4c-95cea88703be');
INSERT INTO catalog_variants (id,product_id,sku,thickness_mm,width_mm,length_mm,price_eur_cents,stock_quantity,stock_unit,sort_order) VALUES ('05c54503-2411-40b4-a677-f4351d272325','83076fb5-7424-4840-8aef-43e959e6b710','TFB-ASH-45x140x6000',45,140,6000,6870,410,'package',4);
INSERT INTO catalog_variant_packaging_assignments (variant_id,packaging_type_id,is_default) VALUES ('05c54503-2411-40b4-a677-f4351d272325','f57c17cf-fc28-4e30-a8aa-19fa5d7e5e53',true);
INSERT INTO catalog_variant_field_values (variant_id,field_id,option_id) VALUES ('05c54503-2411-40b4-a677-f4351d272325','f0000001-0005-0000-0000-000000000001','8f314ee1-e5fb-424a-9f4c-95cea88703be');
INSERT INTO catalog_products (id,category_id,slug,name,description,sort_order,base_price_eur_cents) VALUES ('887528ec-da41-4c59-8d84-a33ec97d6cd8','6b1f1449-0ae2-4b4b-ba97-47e7e46557ec','pine-decking','Scandinavian Pine Decking','Pressure-treatable Scandinavian pine decking with a reeded face. An economical, versatile board for garden terraces and walkways.',3,2400);
INSERT INTO catalog_product_field_values (product_id,field_id,option_id) VALUES ('887528ec-da41-4c59-8d84-a33ec97d6cd8','f0000001-0001-0000-0000-000000000001','54c8e615-f750-4870-96ea-0587ba35f2dd');
INSERT INTO catalog_product_field_values (product_id,field_id,option_id) VALUES ('887528ec-da41-4c59-8d84-a33ec97d6cd8','f0000002-0001-0000-0000-000000000001','913f3e60-5515-4dad-b7a0-e09a5898e98c');
INSERT INTO catalog_variants (id,product_id,sku,thickness_mm,width_mm,length_mm,price_eur_cents,stock_quantity,stock_unit,sort_order) VALUES ('e9080779-553e-4140-93bf-1182ee3f3149','887528ec-da41-4c59-8d84-a33ec97d6cd8','TFB-PIN-26x120x3000',26,120,3000,2400,190,'package',0);
INSERT INTO catalog_variant_packaging_assignments (variant_id,packaging_type_id,is_default) VALUES ('e9080779-553e-4140-93bf-1182ee3f3149','f57c17cf-fc28-4e30-a8aa-19fa5d7e5e53',true);
INSERT INTO catalog_variant_field_values (variant_id,field_id,option_id) VALUES ('e9080779-553e-4140-93bf-1182ee3f3149','f0000001-0005-0000-0000-000000000001','a5a37f6c-53e7-4b49-9417-2f038206869b');
INSERT INTO catalog_variants (id,product_id,sku,thickness_mm,width_mm,length_mm,price_eur_cents,stock_quantity,stock_unit,sort_order) VALUES ('663944d6-f5df-4696-8586-b52dea08ea70','887528ec-da41-4c59-8d84-a33ec97d6cd8','TFB-PIN-28x120x4000',28,120,4000,2540,90,'piece',1);
INSERT INTO catalog_variant_packaging_assignments (variant_id,packaging_type_id,is_default) VALUES ('663944d6-f5df-4696-8586-b52dea08ea70','f57c17cf-fc28-4e30-a8aa-19fa5d7e5e53',true);
INSERT INTO catalog_variant_field_values (variant_id,field_id,option_id) VALUES ('663944d6-f5df-4696-8586-b52dea08ea70','f0000001-0005-0000-0000-000000000001','a5a37f6c-53e7-4b49-9417-2f038206869b');
INSERT INTO catalog_variants (id,product_id,sku,thickness_mm,width_mm,length_mm,price_eur_cents,stock_quantity,stock_unit,sort_order) VALUES ('9962e57b-579a-4195-963f-17b59d14ec78','887528ec-da41-4c59-8d84-a33ec97d6cd8','TFB-PIN-28x140x4000',28,140,4000,2540,250,'package',2);
INSERT INTO catalog_variant_packaging_assignments (variant_id,packaging_type_id,is_default) VALUES ('9962e57b-579a-4195-963f-17b59d14ec78','f57c17cf-fc28-4e30-a8aa-19fa5d7e5e53',true);
INSERT INTO catalog_variant_field_values (variant_id,field_id,option_id) VALUES ('9962e57b-579a-4195-963f-17b59d14ec78','f0000001-0005-0000-0000-000000000001','a5a37f6c-53e7-4b49-9417-2f038206869b');
INSERT INTO catalog_variants (id,product_id,sku,thickness_mm,width_mm,length_mm,price_eur_cents,stock_quantity,stock_unit,sort_order) VALUES ('a5e300b1-f25e-49b0-99a4-552946c1522c','887528ec-da41-4c59-8d84-a33ec97d6cd8','TFB-PIN-45x140x5000',45,140,5000,3430,140,'piece',3);
INSERT INTO catalog_variant_packaging_assignments (variant_id,packaging_type_id,is_default) VALUES ('a5e300b1-f25e-49b0-99a4-552946c1522c','f57c17cf-fc28-4e30-a8aa-19fa5d7e5e53',true);
INSERT INTO catalog_variant_field_values (variant_id,field_id,option_id) VALUES ('a5e300b1-f25e-49b0-99a4-552946c1522c','f0000001-0005-0000-0000-000000000001','a5a37f6c-53e7-4b49-9417-2f038206869b');
INSERT INTO catalog_variants (id,product_id,sku,thickness_mm,width_mm,length_mm,price_eur_cents,stock_quantity,stock_unit,sort_order) VALUES ('71cbce9d-5317-421a-8dc5-5b8ecdb7f919','887528ec-da41-4c59-8d84-a33ec97d6cd8','TFB-PIN-45x140x6000',45,140,6000,3470,270,'package',4);
INSERT INTO catalog_variant_packaging_assignments (variant_id,packaging_type_id,is_default) VALUES ('71cbce9d-5317-421a-8dc5-5b8ecdb7f919','f57c17cf-fc28-4e30-a8aa-19fa5d7e5e53',true);
INSERT INTO catalog_variant_field_values (variant_id,field_id,option_id) VALUES ('71cbce9d-5317-421a-8dc5-5b8ecdb7f919','f0000001-0005-0000-0000-000000000001','a5a37f6c-53e7-4b49-9417-2f038206869b');
COMMIT;